SCHOOL,SCHOOL NAME,ATTD DATE,%ATTD
ALL,ALL,6/23/2022 12:00:00 AM,82.80
01M015,P.S. 015 ROBERTO CLEMENTE,6/23/2022 12:00:00 AM,70.32
01M019,P.S. 019 ASHER LEVY,6/23/2022 12:00:00 AM,72.13
01M020,P.S. 020 ANNA SILVER,6/23/2022 12:00:00 AM,70.23
01M034,P.S. 034 FRANKLIN D. ROOSEVELT,6/23/2022 12:00:00 AM,68.56
01M063,THE STAR ACADEMY   P.S.63,6/23/2022 12:00:00 AM,84.04
01M064,P.S. 064 ROBERT SIMON,6/23/2022 12:00:00 AM,62.25
01M110,P.S. 110 FLORENCE NIGHTINGALE,6/23/2022 12:00:00 AM,79.93
01M134,P.S. 134 HENRIETTA SZOLD,6/23/2022 12:00:00 AM,69.27
01M140,P.S. 140 NATHAN STRAUS,6/23/2022 12:00:00 AM,67.25
01M142,P.S. 142 AMALIA CASTRO,6/23/2022 12:00:00 AM,80.36
01M184,P.S. 184M SHUANG WEN,6/23/2022 12:00:00 AM,94.88
01M188,P.S. 188 THE ISLAND SCHOOL,6/23/2022 12:00:00 AM,71.96
01M315,THE EAST VILLAGE COMMUNITY SCHOOL,6/23/2022 12:00:00 AM,90.29
01M332,UNIVERSITY NEIGHBORHOOD MIDDLE SCHOOL,6/23/2022 12:00:00 AM,69.89
01M361,THE CHILDREN S WORKSHOP SCHOOL,6/23/2022 12:00:00 AM,90.40
01M363,NEIGHBORHOOD SCHOOL,6/23/2022 12:00:00 AM,90.53
01M364,EARTH SCHOOL,6/23/2022 12:00:00 AM,87.76
01M378,SCHOOL FOR GLOBAL LEADERS,6/23/2022 12:00:00 AM,NS
01M450,EAST SIDE COMMUNITY SCHOOL,6/23/2022 12:00:00 AM,100.00
01M539,"NEW EXPLORATIONS INTO SCIENCE, TECHNOLOGY AND MATH",6/23/2022 12:00:00 AM,88.16
01M839,TOMPKINS SQUARE MIDDLE SCHOOL,6/23/2022 12:00:00 AM,89.63
02M001,P.S. 001 ALFRED E. SMITH,6/23/2022 12:00:00 AM,74.76
02M002,P.S. 002 MEYER LONDON,6/23/2022 12:00:00 AM,91.38
02M003,P.S. 003 CHARRETTE SCHOOL,6/23/2022 12:00:00 AM,92.37
02M006,P.S. 006 LILLIE D. BLAKE,6/23/2022 12:00:00 AM,91.95
02M011,P.S. 011 WILLIAM T. HARRIS,6/23/2022 12:00:00 AM,89.42
02M033,P.S. 033 CHELSEA PREP,6/23/2022 12:00:00 AM,80.19
02M040,P.S. 040 AUGUSTUS SAINT GAUDENS,6/23/2022 12:00:00 AM,95.30
02M041,P.S. 041 GREENWICH VILLAGE,6/23/2022 12:00:00 AM,91.12
02M042,P.S. 042 BENJAMIN ALTMAN,6/23/2022 12:00:00 AM,93.88
02M047,47 THE AMERICAN SIGN LANGUAGE AND ENGLISH SECONDAR,6/23/2022 12:00:00 AM,NS
02M051,P.S. 051 ELIAS HOWE,6/23/2022 12:00:00 AM,79.24
02M059,P.S. 059 BEEKMAN HILL INTERNATIONAL,6/23/2022 12:00:00 AM,94.38
02M077,P.S. 77 LOWER LAB SCHOOL,6/23/2022 12:00:00 AM,97.38
02M089,P.S. 89,6/23/2022 12:00:00 AM,92.33
02M104,J.H.S. 104 SIMON BARUCH,6/23/2022 12:00:00 AM,89.14
02M111,P.S. 111 ADOLPH S. OCHS,6/23/2022 12:00:00 AM,81.59
02M114,EAST SIDE MIDDLE SCHOOL,6/23/2022 12:00:00 AM,90.52
02M116,P.S. 116 MARY LINDLEY MURRAY,6/23/2022 12:00:00 AM,86.01
02M124,P.S. 124 YUNG WING,6/23/2022 12:00:00 AM,96.62
02M126,P.S. 126 JACOB AUGUST RIIS,6/23/2022 12:00:00 AM,90.92
02M130,P.S. 130 HERNANDO DE SOTO,6/23/2022 12:00:00 AM,97.35
02M131,M.S. 131,6/23/2022 12:00:00 AM,81.05
02M135,THE URBAN ASSEMBLY SCHOOL FOR EMERGENCY MANAGEMENT,6/23/2022 12:00:00 AM,NS
02M150,P.S. 150,6/23/2022 12:00:00 AM,93.50
02M151,YORKVILLE COMMUNITY SCHOOL,6/23/2022 12:00:00 AM,85.25
02M158,P.S. 158 BAYARD TAYLOR,6/23/2022 12:00:00 AM,93.03
02M167,J.H.S. 167 ROBERT F. WAGNER,6/23/2022 12:00:00 AM,82.19
02M177,YORKVILLE EAST MIDDLE SCHOOL,6/23/2022 12:00:00 AM,85.97
02M183,P.S. 183 ROBERT L. STEVENSON,6/23/2022 12:00:00 AM,93.02
02M198,P.S. 198 ISADOR E. IDA STRAUS,6/23/2022 12:00:00 AM,85.88
02M212,P.S. 212 MIDTOWN WEST,6/23/2022 12:00:00 AM,88.88
02M217,P.S. I.S. 217 ROOSEVELT ISLAND,6/23/2022 12:00:00 AM,88.33
02M225,ELLA BAKER SCHOOL,6/23/2022 12:00:00 AM,79.64
02M234,P.S. 234 INDEPENDENCE SCHOOL,6/23/2022 12:00:00 AM,92.99
02M255,M.S. 255 SALK SCHOOL OF SCIENCE,6/23/2022 12:00:00 AM,89.67
02M260,THE CLINTON SCHOOL,6/23/2022 12:00:00 AM,89.24
02M267,"EAST SIDE ELEMENTARY SCHOOL, PS 267",6/23/2022 12:00:00 AM,93.99
02M276,BATTERY PARK CITY SCHOOL,6/23/2022 12:00:00 AM,91.25
02M281,THE RIVER SCHOOL,6/23/2022 12:00:00 AM,92.15
02M282,URBAN ASSEMBLY MAKER ACADEMY,6/23/2022 12:00:00 AM,NS
02M289,I.S. 289,6/23/2022 12:00:00 AM,92.24
02M290,P.S. 290 MANHATTAN NEW SCHOOL,6/23/2022 12:00:00 AM,93.33
02M294,ESSEX STREET ACADEMY,6/23/2022 12:00:00 AM,NS
02M297,M.S. 297,6/23/2022 12:00:00 AM,72.12
02M312,NEW YORK CITY LAB MIDDLE SCHOOL FOR COLLABORATIVE,6/23/2022 12:00:00 AM,96.22
02M340,SIXTH AVENUE ELEMENTARY SCHOOL,6/23/2022 12:00:00 AM,94.34
02M343,THE PECK SLIP SCHOOL,6/23/2022 12:00:00 AM,92.87
02M347,THE 47 AMERICAN SIGN LANGUAGE   ENGLISH LOWER SCHO,6/23/2022 12:00:00 AM,83.06
02M374,GRAMERCY ARTS HIGH SCHOOL,6/23/2022 12:00:00 AM,46.51
02M376,NYC ISCHOOL,6/23/2022 12:00:00 AM,NS
02M391,DISTRICT 2 PRE K CENTER,6/23/2022 12:00:00 AM,86.16
02M397,SPRUCE STREET SCHOOL,6/23/2022 12:00:00 AM,91.24
02M407,INSTITUTE FOR COLLABORATIVE EDUCATION,6/23/2022 12:00:00 AM,NS
02M408,PROFESSIONAL PERFORMING ARTS HIGH SCHOOL,6/23/2022 12:00:00 AM,99.40
02M413,SCHOOL OF THE FUTURE HIGH SCHOOL,6/23/2022 12:00:00 AM,93.10
02M414,N.Y.C. MUSEUM SCHOOL,6/23/2022 12:00:00 AM,NS
02M420,HIGH SCHOOL FOR HEALTH PROFESSIONS AND HUMAN SERVI,6/23/2022 12:00:00 AM,100.00
02M422,QUEST TO LEARN,6/23/2022 12:00:00 AM,87.66
02M442,"BALLET TECH, NYC PUBLIC SCHOOL FOR DANCE",6/23/2022 12:00:00 AM,91.20
02M459,MANHATTAN INTERNATIONAL HIGH SCHOOL,6/23/2022 12:00:00 AM,98.14
02M500,UNITY CENTER FOR URBAN TECHNOLOGIES,6/23/2022 12:00:00 AM,NS
02M527,P.S. 527   EAST SIDE SCHOOL FOR SOCIAL ACTION,6/23/2022 12:00:00 AM,90.58
02M533,UNION SQUARE ACADEMY FOR HEALTH SCIENCES,6/23/2022 12:00:00 AM,21.59
02M565,URBAN ACADEMY LABORATORY HIGH SCHOOL,6/23/2022 12:00:00 AM,NS
02M570,SATELLITE ACADEMY HIGH SCHOOL,6/23/2022 12:00:00 AM,NS
02M586,HARVEY MILK HIGH SCHOOL,6/23/2022 12:00:00 AM,36.20
02M896,LOWER MANHATTAN COMMUNITY MIDDLE SCHOOL,6/23/2022 12:00:00 AM,86.85
02M933,CITY KNOLL MIDDLE SCHOOL,6/23/2022 12:00:00 AM,73.43
03M009,P.S. 009 SARAH ANDERSON,6/23/2022 12:00:00 AM,93.89
03M054,J.H.S. 054 BOOKER T. WASHINGTON,6/23/2022 12:00:00 AM,89.65
03M075,P.S. 075 EMILY DICKINSON,6/23/2022 12:00:00 AM,82.78
03M076,P.S. 076 A. PHILIP RANDOLPH,6/23/2022 12:00:00 AM,72.01
03M084,P.S. 084 LILLIAN WEBER,6/23/2022 12:00:00 AM,88.37
03M087,P.S. 087 WILLIAM SHERMAN,6/23/2022 12:00:00 AM,93.60
03M145,"P.S. 145, THE BLOOMINGDALE SCHOOL",6/23/2022 12:00:00 AM,80.56
03M149,P.S. 149 SOJOURNER TRUTH,6/23/2022 12:00:00 AM,65.83
03M163,P.S. 163 ALFRED E. SMITH,6/23/2022 12:00:00 AM,86.09
03M165,P.S. 165 ROBERT E. SIMON,6/23/2022 12:00:00 AM,79.53
03M166,P.S. 166 THE RICHARD RODGERS SCHOOL OF THE ARTS AN,6/23/2022 12:00:00 AM,90.83
03M180,P.S. 180 HUGO NEWMAN,6/23/2022 12:00:00 AM,73.65
03M185,THE LOCKE SCHOOL OF ARTS AND ENGINEERING,6/23/2022 12:00:00 AM,78.57
03M191,THE RIVERSIDE SCHOOL FOR MAKERS AND ARTISTS,6/23/2022 12:00:00 AM,66.66
03M199,P.S. 199 JESSIE ISADOR STRAUS,6/23/2022 12:00:00 AM,88.22
03M241,STEM INSTITUTE OF MANHATTAN,6/23/2022 12:00:00 AM,80.34
03M242,P.S. 242   THE YOUNG DIPLOMATS MAGNET ACADEMY,6/23/2022 12:00:00 AM,69.60
03M243,M.S. 243 CENTER SCHOOL,6/23/2022 12:00:00 AM,99.61
03M245,M.S. M245 THE COMPUTER SCHOOL,6/23/2022 12:00:00 AM,92.97
03M247,M.S. M247 DUAL LANGUAGE MIDDLE SCHOOL,6/23/2022 12:00:00 AM,71.90
03M250,M.S. 250 WEST SIDE COLLABORATIVE MIDDLE SCHOOL,6/23/2022 12:00:00 AM,80.85
03M256,LAFAYETTE ACADEMY,6/23/2022 12:00:00 AM,67.54
03M258,COMMUNITY ACTION SCHOOL   MS 258,6/23/2022 12:00:00 AM,NS
03M291,WEST END SECONDARY SCHOOL,6/23/2022 12:00:00 AM,90.60
03M333,P.S. 333 MANHATTAN SCHOOL FOR CHILDREN,6/23/2022 12:00:00 AM,90.56
03M334,THE ANDERSON SCHOOL,6/23/2022 12:00:00 AM,97.82
03M415,WADLEIGH SECONDARY SCHOOL FOR THE PERFORMING   VIS,6/23/2022 12:00:00 AM,58.06
03M421,WEST PREP ACADEMY,6/23/2022 12:00:00 AM,77.56
03M452,P.S. 452,6/23/2022 12:00:00 AM,87.22
03M859,SPECIAL MUSIC SCHOOL,6/23/2022 12:00:00 AM,96.87
03M860,FREDERICK DOUGLASS ACADEMY II SECONDARY SCHOOL,6/23/2022 12:00:00 AM,75.26
03M862,MOTT HALL II,6/23/2022 12:00:00 AM,78.11
04M007,P.S. 007 SAMUEL STERN,6/23/2022 12:00:00 AM,60.50
04M012,TAG YOUNG SCHOLARS,6/23/2022 12:00:00 AM,92.76
04M037,RIVER EAST ELEMENTARY,6/23/2022 12:00:00 AM,80.34
04M038,P.S. 38 ROBERTO CLEMENTE,6/23/2022 12:00:00 AM,70.11
04M057,JAMES WELDON JOHNSON,6/23/2022 12:00:00 AM,73.98
04M072,THE LEXINGTON ACADEMY,6/23/2022 12:00:00 AM,66.66
04M083,P.S. 083 LUIS MUNOZ RIVERA,6/23/2022 12:00:00 AM,79.62
04M096,P.S. 096 JOSEPH LANZETTA,6/23/2022 12:00:00 AM,73.39
04M102,P.S. 102 JACQUES CARTIER,6/23/2022 12:00:00 AM,76.07
04M108,P.S. 108 ASSEMBLYMAN ANGELO DEL TORO EDUCATIONAL C,6/23/2022 12:00:00 AM,57.79
04M112,P.S. 112 JOSE CELSO BARBOSA,6/23/2022 12:00:00 AM,74.89
04M146,P.S. 146 ANN M. SHORT,6/23/2022 12:00:00 AM,81.43
04M155,P.S. 155 WILLIAM PACA,6/23/2022 12:00:00 AM,82.05
04M171,P.S. 171 PATRICK HENRY,6/23/2022 12:00:00 AM,84.22
04M182,THE BILINGUAL BICULTURAL SCHOOL,6/23/2022 12:00:00 AM,67.10
04M206,P.S. 206 JOSE CELSO BARBOSA,6/23/2022 12:00:00 AM,83.51
04M224,M.S. 224 MANHATTAN EAST SCHOOL FOR ARTS   ACADEMIC,6/23/2022 12:00:00 AM,65.34
04M372,ESPERANZA PREPARATORY ACADEMY,6/23/2022 12:00:00 AM,59.13
04M375,MOSAIC PREPARATORY ACADEMY,6/23/2022 12:00:00 AM,39.50
04M377,RENAISSANCE SCHOOL OF THE ARTS,6/23/2022 12:00:00 AM,59.32
04M497,CENTRAL PARK EAST I,6/23/2022 12:00:00 AM,78.37
04M610,YOUNG WOMEN S LEADERSHIP SCHOOL,6/23/2022 12:00:00 AM,74.10
04M825,ISAAC NEWTON MIDDLE SCHOOL FOR MATH   SCIENCE,6/23/2022 12:00:00 AM,75.32
04M964,CENTRAL PARK EAST II,6/23/2022 12:00:00 AM,79.33
05M030,P.S. 030 HERNANDEZ HUGHES,6/23/2022 12:00:00 AM,74.86
05M036,P.S. 036 MARGARET DOUGLAS,6/23/2022 12:00:00 AM,65.92
05M046,P.S. 046 ARTHUR TAPPAN,6/23/2022 12:00:00 AM,67.01
05M092,P.S. 092 MARY MCLEOD BETHUNE,6/23/2022 12:00:00 AM,71.56
05M123,P.S. 123 MAHALIA JACKSON,6/23/2022 12:00:00 AM,64.03
05M125,P.S. 125 RALPH BUNCHE,6/23/2022 12:00:00 AM,76.98
05M129,P.S. 129 JOHN H. FINLEY,6/23/2022 12:00:00 AM,71.71
05M133,P.S. 133 FRED R MOORE,6/23/2022 12:00:00 AM,62.50
05M148,EAGLE ACADEMY FOR YOUNG MEN OF HARLEM,6/23/2022 12:00:00 AM,53.62
05M154,P.S. 154 HARRIET TUBMAN,6/23/2022 12:00:00 AM,79.90
05M161,P.S. 161 PEDRO ALBIZU CAMPOS,6/23/2022 12:00:00 AM,67.82
05M175,P.S. 175 HENRY H GARNET,6/23/2022 12:00:00 AM,76.66
05M194,P.S. 194 COUNTEE CULLEN,6/23/2022 12:00:00 AM,60.11
05M197,P.S. 197 JOHN B. RUSSWURM,6/23/2022 12:00:00 AM,75.55
05M200,P.S. 200  THE JAMES MCCUNE SMITH SCHOOL,6/23/2022 12:00:00 AM,56.78
05M285,HARLEM RENAISSANCE HIGH SCHOOL,6/23/2022 12:00:00 AM,13.33
05M286,URBAN ASSEMBLY ACADEMY FOR FUTURE LEADERS,6/23/2022 12:00:00 AM,80.48
05M318,THURGOOD MARSHALL ACADEMY LOWER SCHOOL,6/23/2022 12:00:00 AM,63.84
05M362,COLUMBIA SECONDARY SCHOOL,6/23/2022 12:00:00 AM,92.09
05M371,SCHOOL OF EARTH EXPLORATION AND DISCOVERY HARLEM,6/23/2022 12:00:00 AM,65.17
05M499,FREDERICK DOUGLASS ACADEMY,6/23/2022 12:00:00 AM,60.50
05M514,NEW DESIGN MIDDLE SCHOOL,6/23/2022 12:00:00 AM,61.05
05M517,TEACHERS COLLEGE COMMUNITY SCHOOL,6/23/2022 12:00:00 AM,77.81
05M670,THURGOOD MARSHALL ACADEMY FOR LEARNING AND SOCIAL,6/23/2022 12:00:00 AM,63.03
06M004,P.S. 004 DUKE ELLINGTON,6/23/2022 12:00:00 AM,82.22
06M005,P.S. 005 ELLEN LURIE,6/23/2022 12:00:00 AM,81.11
06M008,P.S. 008 LUIS BELLIARD,6/23/2022 12:00:00 AM,79.23
06M018,P.S. 018 PARK TERRACE,6/23/2022 12:00:00 AM,81.46
06M028,P.S. 028 WRIGHT BROTHERS,6/23/2022 12:00:00 AM,77.40
06M048,P.S. 048 P.O. MICHAEL J. BUCZEK,6/23/2022 12:00:00 AM,79.56
06M052,HAROLD O. LEVY SCHOOL,6/23/2022 12:00:00 AM,86.91
06M098,P.S. 098 SHORAC KAPPOCK,6/23/2022 12:00:00 AM,NS
06M103,DOS PUENTES ELEMENTARY SCHOOL,6/23/2022 12:00:00 AM,87.59
06M115,P.S. 115 ALEXANDER HUMBOLDT,6/23/2022 12:00:00 AM,79.19
06M128,P.S. 128 AUDUBON,6/23/2022 12:00:00 AM,81.98
06M132,P.S. 132 JUAN PABLO DUARTE,6/23/2022 12:00:00 AM,79.74
06M143,J.H.S. 143 ELEANOR ROOSEVELT,6/23/2022 12:00:00 AM,79.71
06M152,P.S. 152 DYCKMAN VALLEY,6/23/2022 12:00:00 AM,74.65
06M153,P.S. 153 ADAM CLAYTON POWELL,6/23/2022 12:00:00 AM,82.08
06M173,P.S. 173,6/23/2022 12:00:00 AM,73.62
06M178,PROFESSOR JUAN BOSCH PUBLIC SCHOOL,6/23/2022 12:00:00 AM,85.65
06M187,P.S. I.S. 187 HUDSON CLIFFS,6/23/2022 12:00:00 AM,81.70
06M189,P.S. 189,6/23/2022 12:00:00 AM,76.06
06M192,P.S. 192 JACOB H. SCHIFF,6/23/2022 12:00:00 AM,71.28
06M209,HAMILTON GRANGE MIDDLE SCHOOL,6/23/2022 12:00:00 AM,NS
06M210,P.S. I.S. 210   TWENTY FIRST CENTURY ACADEMY FOR C,6/23/2022 12:00:00 AM,86.92
06M223,THE MOTT HALL SCHOOL,6/23/2022 12:00:00 AM,74.59
06M278,PAULA HEDBAVNY SCHOOL,6/23/2022 12:00:00 AM,85.67
06M293,CITY COLLEGE ACADEMY OF THE ARTS,6/23/2022 12:00:00 AM,71.72
06M311,AMISTAD DUAL LANGUAGE SCHOOL,6/23/2022 12:00:00 AM,84.94
06M314,MUSCOTA,6/23/2022 12:00:00 AM,94.62
06M319,M.S. 319   MARIA TERESA,6/23/2022 12:00:00 AM,100.00
06M322,MIDDLE SCHOOL 322,6/23/2022 12:00:00 AM,83.94
06M324,M.S. 324   PATRIA MIRABAL,6/23/2022 12:00:00 AM,78.57
06M328,COMMUNITY MATH   SCIENCE PREP,6/23/2022 12:00:00 AM,63.75
06M346,COMMUNITY HEALTH ACADEMY OF THE HEIGHTS,6/23/2022 12:00:00 AM,81.64
06M348,WASHINGTON HEIGHTS EXPEDITIONARY LEARNING SCHOOL,6/23/2022 12:00:00 AM,91.72
06M349,HARBOR HEIGHTS,6/23/2022 12:00:00 AM,82.27
06M366,WASHINGTON HEIGHTS ACADEMY,6/23/2022 12:00:00 AM,76.00
06M368,THE WILLIAM LYNCH SCHOOL,6/23/2022 12:00:00 AM,70.31
06M423,HIGH SCHOOL FOR EXCELLENCE AND INNOVATION,6/23/2022 12:00:00 AM,NS
06M513,CASTLE BRIDGE SCHOOL,6/23/2022 12:00:00 AM,88.09
06M528,I.S. 528 BEA FULLER RODGERS SCHOOL,6/23/2022 12:00:00 AM,69.36
07X001,P.S. 001 COURTLANDT SCHOOL,6/23/2022 12:00:00 AM,81.62
07X005,P.S. 5 PORT MORRIS,6/23/2022 12:00:00 AM,69.51
07X018,P.S. 018 JOHN PETER ZENGER,6/23/2022 12:00:00 AM,85.79
07X025,P.S. 025 BILINGUAL SCHOOL,6/23/2022 12:00:00 AM,61.63
07X029,P.S. M.S. 029 MELROSE SCHOOL,6/23/2022 12:00:00 AM,73.53
07X030,P.S. 030 WILTON,6/23/2022 12:00:00 AM,82.93
07X031,P.S. M.S. 031 THE WILLIAM LLOYD GARRISON,6/23/2022 12:00:00 AM,81.57
07X043,P.S. 043 JONAS BRONCK,6/23/2022 12:00:00 AM,79.14
07X049,P.S. 049 WILLIS AVENUE,6/23/2022 12:00:00 AM,82.34
07X065,P.S. 065 MOTHER HALE ACADEMY,6/23/2022 12:00:00 AM,77.16
07X154,P.S. 154 JONATHAN D. HYATT,6/23/2022 12:00:00 AM,84.25
07X157,P.S. 157 GROVE HILL,6/23/2022 12:00:00 AM,76.51
07X161,P.S. 161 JUAN PONCE DE LEON SCHOOL,6/23/2022 12:00:00 AM,73.73
07X179,P.S. 179,6/23/2022 12:00:00 AM,78.57
07X221,SOUTH BRONX PREPARATORY: A COLLEGE BOARD SCHOOL,6/23/2022 12:00:00 AM,91.49
07X223,THE LABORATORY SCHOOL OF FINANCE AND TECHNOLOGY: X,6/23/2022 12:00:00 AM,94.64
07X224,P.S. I.S. 224,6/23/2022 12:00:00 AM,58.36
07X277,P.S. 277,6/23/2022 12:00:00 AM,76.43
07X296,SOUTH BRONX ACADEMY FOR APPLIED MEDIA,6/23/2022 12:00:00 AM,67.88
07X298,ACADEMY OF PUBLIC RELATIONS,6/23/2022 12:00:00 AM,83.33
07X343,ACADEMY OF APPLIED MATHEMATICS AND TECHNOLOGY,6/23/2022 12:00:00 AM,52.92
07X359,CONCOURSE VILLAGE ELEMENTARY SCHOOL,6/23/2022 12:00:00 AM,82.86
07X369,YOUNG LEADERS ELEMENTARY SCHOOL,6/23/2022 12:00:00 AM,83.19
07X379,JILL CHAIFETZ TRANSFER HIGH SCHOOL,6/23/2022 12:00:00 AM,7.73
07X381,BRONX HAVEN HIGH SCHOOL,6/23/2022 12:00:00 AM,NS
07X495,UNIVERSITY HEIGHTS SECONDARY SCHOOL,6/23/2022 12:00:00 AM,100.00
07X500,HOSTOS LINCOLN ACADEMY OF SCIENCE,6/23/2022 12:00:00 AM,48.86
07X522,BRONX DESIGN AND CONSTRUCTION ACADEMY,6/23/2022 12:00:00 AM,36.52
07X533,LEARNING THROUGH PLAY PRE K CENTER,6/23/2022 12:00:00 AM,86.32
07X551,THE URBAN ASSEMBLY BRONX ACADEMY OF LETTERS,6/23/2022 12:00:00 AM,45.98
07X584,I.S. 584,6/23/2022 12:00:00 AM,56.57
07X625,WALKABOUT BRONX HIGH SCHOOL,6/23/2022 12:00:00 AM,63.39
08X014,P.S. X014 SENATOR JOHN CALANDRA,6/23/2022 12:00:00 AM,85.17
08X036,P.S. 036 UNIONPORT,6/23/2022 12:00:00 AM,80.52
08X048,P.S. 048 JOSEPH R. DRAKE,6/23/2022 12:00:00 AM,74.28
08X062,P.S. 062 INOCENSIO CASANOVA,6/23/2022 12:00:00 AM,72.35
08X069,P.S. 069 JOURNEY PREP SCHOOL,6/23/2022 12:00:00 AM,74.90
08X071,P.S. 071 ROSE E. SCALA,6/23/2022 12:00:00 AM,83.01
08X072,P.S. 072 DR. WILLIAM DORNEY,6/23/2022 12:00:00 AM,82.30
08X075,P.S. 75 SCHOOL OF RESEARCH AND DISCOVERY,6/23/2022 12:00:00 AM,80.77
08X093,P.S. 093 ALBERT G. OLIVER,6/23/2022 12:00:00 AM,76.37
08X100,P.S. 100 ISAAC CLASON,6/23/2022 12:00:00 AM,77.64
08X101,M.S. X101 EDWARD R. BYRNE,6/23/2022 12:00:00 AM,80.37
08X107,P.S. 107,6/23/2022 12:00:00 AM,71.77
08X119,THE DR. EMMETT W. BASSETT SCHOOL,6/23/2022 12:00:00 AM,82.97
08X123,J.H.S. 123 JAMES M. KIERAN,6/23/2022 12:00:00 AM,78.57
08X130,P.S. 130 ABRAM STEVENS HEWITT,6/23/2022 12:00:00 AM,74.22
08X131,J.H.S. 131 ALBERT EINSTEIN,6/23/2022 12:00:00 AM,77.03
08X138,P.S. 138 SAMUEL RANDALL,6/23/2022 12:00:00 AM,83.04
08X140,P.S. X140 THE EAGLE SCHOOL,6/23/2022 12:00:00 AM,73.65
08X146,P.S. 146 EDWARD COLLINS,6/23/2022 12:00:00 AM,75.15
08X152,P.S. 152 EVERGREEN,6/23/2022 12:00:00 AM,85.26
08X182,P.S. 182,6/23/2022 12:00:00 AM,86.18
08X269,BRONX STUDIO SCHOOL FOR WRITERS AND ARTISTS,6/23/2022 12:00:00 AM,52.48
08X301,M.S. 301 PAUL L. DUNBAR,6/23/2022 12:00:00 AM,75.41
08X302,M.S. 302 LUISA DESSUS CRUZ,6/23/2022 12:00:00 AM,80.58
08X304,P.S. 304 EARLY CHILDHOOD SCHOOL,6/23/2022 12:00:00 AM,81.47
08X333,THE LONGWOOD ACADEMY OF DISCOVERY,6/23/2022 12:00:00 AM,75.18
08X337,THE SCHOOL FOR INQUIRY AND SOCIAL JUSTICE,6/23/2022 12:00:00 AM,83.41
08X367,"ARCHIMEDES ACADEMY FOR MATH, SCIENCE AND TECHNOLOG",6/23/2022 12:00:00 AM,52.76
08X371,URBAN INSTITUTE OF MATHEMATICS,6/23/2022 12:00:00 AM,69.38
08X375,THE BRONX MATHEMATICS PREPARATORY SCHOOL,6/23/2022 12:00:00 AM,71.95
08X376,ANTONIA PANTOJA PREPARATORY ACADEMY: A COLLEGE BOA,6/23/2022 12:00:00 AM,88.32
08X392,BRONX DELTA SCHOOL,6/23/2022 12:00:00 AM,79.61
08X424,BRONX ACADEMY FOR MULTI MEDIA,6/23/2022 12:00:00 AM,68.75
08X448,SOUNDVIEW ACADEMY FOR CULTURE AND SCHOLARSHIP,6/23/2022 12:00:00 AM,46.70
08X467,MOTT HALL COMMUNITY SCHOOL,6/23/2022 12:00:00 AM,72.80
08X537,BRONX ARENA HIGH SCHOOL,6/23/2022 12:00:00 AM,9.62
08X562,BLUEPRINT MIDDLE SCHOOL,6/23/2022 12:00:00 AM,87.45
08X583,P.S. 583,6/23/2022 12:00:00 AM,80.54
09X004,P.S. M.S. 004 CROTONA PARK WEST,6/23/2022 12:00:00 AM,82.48
09X011,P.S. 011 HIGHBRIDGE,6/23/2022 12:00:00 AM,78.76
09X022,J.H.S. 022 JORDAN L. MOTT,6/23/2022 12:00:00 AM,65.28
09X028,P.S. 028 MOUNT HOPE,6/23/2022 12:00:00 AM,80.96
09X035,P.S. 035 FRANZ SIEGEL,6/23/2022 12:00:00 AM,76.64
09X042,P.S. 042 CLAREMONT,6/23/2022 12:00:00 AM,87.12
09X053,P.S. 053 BASHEER QUISIM,6/23/2022 12:00:00 AM,75.44
09X055,P.S. 055 BENJAMIN FRANKLIN,6/23/2022 12:00:00 AM,71.40
09X058,P.S. 058,6/23/2022 12:00:00 AM,72.95
09X063,P.S. 063 AUTHOR S ACADEMY,6/23/2022 12:00:00 AM,83.78
09X070,P.S. 070 MAX SCHOENFELD,6/23/2022 12:00:00 AM,78.90
09X073,P.S. 073 BRONX,6/23/2022 12:00:00 AM,81.57
09X088,P.S. X088   S. SILVERSTEIN LITTLE SPARROW SCHOOL,6/23/2022 12:00:00 AM,82.10
09X109,P.S. 109 SEDGWICK,6/23/2022 12:00:00 AM,74.35
09X110,P.S. 110 THEODORE SCHOENFELD,6/23/2022 12:00:00 AM,71.94
09X114,P.S. X114   LUIS LLORENS TORRES SCHOOLS,6/23/2022 12:00:00 AM,76.10
09X117,I.S. 117 JOSEPH H. WADE,6/23/2022 12:00:00 AM,73.68
09X126,P.S. 126 DR MARJORIE H DUNBAR,6/23/2022 12:00:00 AM,71.17
09X128,MOTT HALL III,6/23/2022 12:00:00 AM,60.25
09X132,P.S. 132 GARRET A. MORGAN,6/23/2022 12:00:00 AM,68.05
09X163,P.S. 163 ARTHUR A. SCHOMBURG,6/23/2022 12:00:00 AM,83.50
09X170,P.S. 170,6/23/2022 12:00:00 AM,82.38
09X199,P.S. 199X   THE SHAKESPEARE SCHOOL,6/23/2022 12:00:00 AM,81.51
09X204,P.S. 204 MORRIS HEIGHTS,6/23/2022 12:00:00 AM,85.19
09X215,KAPPA,6/23/2022 12:00:00 AM,43.90
09X218,P.S. I.S. 218 RAFAEL HERNANDEZ DUAL LANGUAGE MAGNE,6/23/2022 12:00:00 AM,81.55
09X219,I.S. 219 NEW VENTURE SCHOOL,6/23/2022 12:00:00 AM,86.38
09X229,I.S. 229 ROLAND PATTERSON,6/23/2022 12:00:00 AM,84.35
09X231,EAGLE ACADEMY FOR YOUNG MEN,6/23/2022 12:00:00 AM,51.54
09X232,I.S. 232,6/23/2022 12:00:00 AM,87.96
09X236,P.S. 236 LANGSTON HUGHES,6/23/2022 12:00:00 AM,86.95
09X241,URBAN ASSEMBLY SCHOOL FOR APPLIED MATH AND SCIENCE,6/23/2022 12:00:00 AM,52.15
09X263,VALIDUS PREPARATORY ACADEMY,6/23/2022 12:00:00 AM,NS
09X274,THE NEW AMERICAN ACADEMY AT ROBERTO CLEMENTE STATE,6/23/2022 12:00:00 AM,59.72
09X294,THE WALTON AVENUE SCHOOL,6/23/2022 12:00:00 AM,84.16
09X303,I.S. X303 LEADERSHIP   COMMUNITY SERVICE,6/23/2022 12:00:00 AM,73.54
09X311,LUCERO ELEMENTARY SCHOOL,6/23/2022 12:00:00 AM,80.58
09X313,I.S. 313 SCHOOL OF LEADERSHIP DEVELOPMENT,6/23/2022 12:00:00 AM,78.57
09X323,BRONX WRITING ACADEMY,6/23/2022 12:00:00 AM,79.09
09X324,BRONX EARLY COLLEGE ACADEMY FOR TEACHING   LEARNIN,6/23/2022 12:00:00 AM,76.42
09X327,COMPREHENSIVE MODEL SCHOOL PROJECT M.S. 327,6/23/2022 12:00:00 AM,78.33
09X328,NEW MILLENNIUM BRONX ACADEMY OF THE ARTS,6/23/2022 12:00:00 AM,91.70
09X339,I.S. 339,6/23/2022 12:00:00 AM,88.54
09X361,THE HIGHBRIDGE GREEN SCHOOL,6/23/2022 12:00:00 AM,79.78
09X403,BRONX INTERNATIONAL HIGH SCHOOL,6/23/2022 12:00:00 AM,NS
09X404,SCHOOL FOR EXCELLENCE,6/23/2022 12:00:00 AM,51.26
09X413,BRONX HIGH SCHOOL FOR MEDICAL SCIENCE,6/23/2022 12:00:00 AM,86.16
09X443,THE FAMILY SCHOOL,6/23/2022 12:00:00 AM,84.79
09X449,GRANT AVENUE ELEMENTARY SCHOOL,6/23/2022 12:00:00 AM,70.87
09X454,SCIENCE AND TECHNOLOGY ACADEMY: A MOTT HALL SCHOOL,6/23/2022 12:00:00 AM,71.46
09X457,SHERIDAN ACADEMY FOR YOUNG LEADERS,6/23/2022 12:00:00 AM,70.70
09X505,"BRONX SCHOOL FOR LAW, GOVERNMENT AND JUSTICE",6/23/2022 12:00:00 AM,74.31
09X543,HIGH SCHOOL FOR VIOLIN AND DANCE,6/23/2022 12:00:00 AM,NS
09X555,MOUNT EDEN CHILDREN S ACADEMY,6/23/2022 12:00:00 AM,87.13
09X568,YOUNG WOMEN S LEADERSHIP SCHOOL OF THE BRONX,6/23/2022 12:00:00 AM,87.27
09X582,GARDEN OF LEARNING AND DISCOVERY PRE K CENTER,6/23/2022 12:00:00 AM,59.55
09X593,SOUTH BRONX INTERNATIONAL MIDDLE SCHOOL,6/23/2022 12:00:00 AM,89.67
09X594,NEW PATHWAYS ACADEMY,6/23/2022 12:00:00 AM,77.83
10X003,P.S. 3 RAUL JULIA MICRO SOCIETY,6/23/2022 12:00:00 AM,77.74
10X007,MILTON FEIN SCHOOL,6/23/2022 12:00:00 AM,89.54
10X008,P.S. 008 ISAAC VARIAN,6/23/2022 12:00:00 AM,81.56
10X009,P.S. 9 RYER AVENUE ELEMENTARY SCHOOL,6/23/2022 12:00:00 AM,76.42
10X015,P.S. X015 INSTITUTE FOR ENVIRONMENTAL LEARNING,6/23/2022 12:00:00 AM,85.89
10X020,"PS MS 20 P.O.GEORGE J. WERDANN, III",6/23/2022 12:00:00 AM,71.19
10X023,P.S. 023 THE NEW CHILDREN S SCHOOL,6/23/2022 12:00:00 AM,84.39
10X024,P.S. 024 SPUYTEN DUYVIL,6/23/2022 12:00:00 AM,90.88
10X032,P.S. 032 BELMONT,6/23/2022 12:00:00 AM,81.05
10X033,P.S. 033 TIMOTHY DWIGHT,6/23/2022 12:00:00 AM,78.72
10X037,P.S. X037   MULTIPLE INTELLIGENCE SCHOOL,6/23/2022 12:00:00 AM,75.95
10X045,THOMAS C. GIORDANO MIDDLE SCHOOL 45,6/23/2022 12:00:00 AM,44.30
10X046,P.S. 046 EDGAR ALLAN POE,6/23/2022 12:00:00 AM,84.52
10X051,THE BRONX STEM AND ARTS ACADEMY,6/23/2022 12:00:00 AM,83.33
10X054,P.S. I.S. 54,6/23/2022 12:00:00 AM,86.14
10X056,P.S. 056 NORWOOD HEIGHTS,6/23/2022 12:00:00 AM,82.24
10X059,P.S. 059 THE COMMUNITY SCHOOL OF TECHNOLOGY,6/23/2022 12:00:00 AM,71.36
10X077,BEDFORD PARK ELEMENTARY SCHOOL,6/23/2022 12:00:00 AM,84.46
10X080,J.H.S. 080 THE MOSHOLU PARKWAY,6/23/2022 12:00:00 AM,58.26
10X081,P.S. 081 ROBERT J. CHRISTEN,6/23/2022 12:00:00 AM,90.23
10X085,P.S. 085 GREAT EXPECTATIONS,6/23/2022 12:00:00 AM,84.21
10X086,P.S. 086 KINGSBRIDGE HEIGHTS,6/23/2022 12:00:00 AM,83.48
10X091,P.S. 091 BRONX,6/23/2022 12:00:00 AM,77.82
10X094,P.S. 094 KINGS COLLEGE SCHOOL,6/23/2022 12:00:00 AM,79.13
10X095,P.S. 095 SHEILA MENCHER,6/23/2022 12:00:00 AM,77.06
10X118,J.H.S. 118 WILLIAM W. NILES,6/23/2022 12:00:00 AM,76.77
10X141,RIVERDALE   KINGSBRIDGE ACADEMY  MIDDLE SCHOOL   H,6/23/2022 12:00:00 AM,83.44
10X159,P.S. 159 LUIS MUNOZ MARIN BILING,6/23/2022 12:00:00 AM,80.00
10X205,P.S. 205 FIORELLO LAGUARDIA,6/23/2022 12:00:00 AM,84.89
10X206,I.S. 206 ANN MERSEREAU,6/23/2022 12:00:00 AM,58.85
10X207,P.S. 207,6/23/2022 12:00:00 AM,88.33
10X209,P.S. 209,6/23/2022 12:00:00 AM,91.07
10X225,THEATRE ARTS PRODUCTION COMPANY SCHOOL,6/23/2022 12:00:00 AM,93.23
10X226,P.S. 226,6/23/2022 12:00:00 AM,87.74
10X228,JONAS BRONCK ACADEMY,6/23/2022 12:00:00 AM,94.27
10X243,WEST BRONX ACADEMY FOR THE FUTURE,6/23/2022 12:00:00 AM,78.29
10X244,THE NEW SCHOOL FOR LEADERSHIP AND JOURNALISM,6/23/2022 12:00:00 AM,83.17
10X246,P.S. 246 POE CENTER,6/23/2022 12:00:00 AM,NS
10X254,I.S. 254,6/23/2022 12:00:00 AM,82.86
10X279,"P.S. 279 CAPTAIN MANUEL RIVERA, JR.",6/23/2022 12:00:00 AM,83.01
10X280,P.S. M.S. 280 MOSHOLU PARKWAY,6/23/2022 12:00:00 AM,84.94
10X291,P.S. 291,6/23/2022 12:00:00 AM,82.32
10X306,P.S. 306,6/23/2022 12:00:00 AM,81.12
10X307,LUISA PINEIRO FUENTES SCHOOL OF SCIENCE AND DISCOV,6/23/2022 12:00:00 AM,86.05
10X308,BRONX DANCE ACADEMY SCHOOL,6/23/2022 12:00:00 AM,NS
10X310,P.S. 310 MARBLE HILL,6/23/2022 12:00:00 AM,85.04
10X315,P.S. 315 LAB SCHOOL,6/23/2022 12:00:00 AM,82.05
10X331,THE BRONX SCHOOL OF YOUNG LEADERS,6/23/2022 12:00:00 AM,79.64
10X340,P.S. 340,6/23/2022 12:00:00 AM,79.19
10X342,INTERNATIONAL SCHOOL FOR LIBERAL ARTS,6/23/2022 12:00:00 AM,100.00
10X344,AMPARK NEIGHBORHOOD,6/23/2022 12:00:00 AM,87.83
10X351,BRONX COLLABORATIVE HIGH SCHOOL,6/23/2022 12:00:00 AM,NS
10X360,P.S. 360,6/23/2022 12:00:00 AM,73.86
10X363,ACADEMY FOR PERSONAL LEADERSHIP AND EXCELLENCE,6/23/2022 12:00:00 AM,68.70
10X368,IN TECH ACADEMY  M.S.   HIGH SCHOOL 368,6/23/2022 12:00:00 AM,82.88
10X382,"ELEMENTARY SCHOOL FOR MATH, SCIENCE, AND TECHNOLOG",6/23/2022 12:00:00 AM,85.16
10X386,SCHOOL FOR ENVIRONMENTAL CITIZENSHIP,6/23/2022 12:00:00 AM,88.72
10X390,M.S. 390,6/23/2022 12:00:00 AM,80.86
10X391,THE ANGELO PATRI MIDDLE SCHOOL,6/23/2022 12:00:00 AM,76.92
10X396,P.S. 396,6/23/2022 12:00:00 AM,81.96
10X439,BRONX HIGH SCHOOL FOR LAW AND COMMUNITY SERVICE,6/23/2022 12:00:00 AM,NS
10X447,CRESTON ACADEMY,6/23/2022 12:00:00 AM,89.65
10X535,ROSE HILL PRE K CENTER,6/23/2022 12:00:00 AM,76.01
11X016,P.S. 016 WAKEFIELD,6/23/2022 12:00:00 AM,80.41
11X019,P.S. 019 JUDITH K. WEISS,6/23/2022 12:00:00 AM,92.50
11X021,P.S. 021 PHILIP H. SHERIDAN,6/23/2022 12:00:00 AM,76.04
11X041,P.S. 041 GUN HILL ROAD,6/23/2022 12:00:00 AM,64.31
11X068,P.S. 068 BRONX,6/23/2022 12:00:00 AM,81.59
11X076,P.S. 076 THE BENNINGTON SCHOOL,6/23/2022 12:00:00 AM,85.83
11X078,P.S. 078 ANNE HUTCHINSON,6/23/2022 12:00:00 AM,74.35
11X083,P.S. 083 DONALD HERTZ,6/23/2022 12:00:00 AM,85.93
11X087,P.S. 087 BRONX,6/23/2022 12:00:00 AM,70.93
11X089,P.S. 089 BRONX,6/23/2022 12:00:00 AM,80.85
11X096,P.S. 096 RICHARD RODGERS,6/23/2022 12:00:00 AM,86.82
11X097,P.S. 097 BRONX,6/23/2022 12:00:00 AM,84.23
11X103,P.S. 103 HECTOR FONTANEZ,6/23/2022 12:00:00 AM,79.65
11X105,P.S. 105 SEN ABRAHAM BERNSTEIN,6/23/2022 12:00:00 AM,85.26
11X106,P.S. 106 PARKCHESTER,6/23/2022 12:00:00 AM,87.35
11X108,P.S. 108 PHILIP J. ABINANTI,6/23/2022 12:00:00 AM,89.10
11X111,P.S. 111 SETON FALLS,6/23/2022 12:00:00 AM,68.49
11X112,P.S. 112 BRONXWOOD,6/23/2022 12:00:00 AM,80.95
11X121,P.S. 121 THROOP,6/23/2022 12:00:00 AM,77.68
11X127,J.H.S. 127 THE CASTLE HILL,6/23/2022 12:00:00 AM,79.18
11X144,J.H.S. 144 MICHELANGELO,6/23/2022 12:00:00 AM,77.75
11X153,P.S. 153 HELEN KELLER,6/23/2022 12:00:00 AM,79.12
11X160,P.S. 160 WALT DISNEY,6/23/2022 12:00:00 AM,85.71
11X169,BAYCHESTER ACADEMY,6/23/2022 12:00:00 AM,81.46
11X175,P.S. 175 CITY ISLAND,6/23/2022 12:00:00 AM,93.77
11X178,P.S. 178   DR. SELMAN WAKSMAN,6/23/2022 12:00:00 AM,85.62
11X180,M.S. 180 DR. DANIEL HALE WILLIAMS,6/23/2022 12:00:00 AM,55.75
11X181,I.S. 181 PABLO CASALS,6/23/2022 12:00:00 AM,84.81
11X189,CORNERSTONE ACADEMY FOR SOCIAL ACTION,6/23/2022 12:00:00 AM,72.42
11X194,P.S. M.S. 194,6/23/2022 12:00:00 AM,83.53
11X287,NORTH BRONX SCHOOL OF EMPOWERMENT,6/23/2022 12:00:00 AM,70.32
11X326,BRONX GREEN MIDDLE SCHOOL,6/23/2022 12:00:00 AM,83.56
11X355,BRONX ALLIANCE MIDDLE SCHOOL,6/23/2022 12:00:00 AM,73.01
11X357,YOUNG VOICES ACADEMY OF THE BRONX,6/23/2022 12:00:00 AM,84.02
11X370,LEADERS OF TOMORROW,6/23/2022 12:00:00 AM,53.31
11X462,CORNERSTONE ACADEMY FOR SOCIAL ACTION MIDDLE SCHOO,6/23/2022 12:00:00 AM,56.02
11X468,PELHAM ACADEMY OF ACADEMICS AND COMMUNITY ENGAGEME,6/23/2022 12:00:00 AM,77.33
11X481,THE STEAM BRIDGE SCHOOL,6/23/2022 12:00:00 AM,85.23
11X483,THE MATILDA AVENUE SCHOOL,6/23/2022 12:00:00 AM,86.97
11X498,P.S. M.S. 11X498   VAN NEST ACADEMY,6/23/2022 12:00:00 AM,85.76
11X529,ONE WORLD MIDDLE SCHOOL AT EDENWALD,6/23/2022 12:00:00 AM,85.55
11X532,BAYCHESTER MIDDLE SCHOOL,6/23/2022 12:00:00 AM,81.20
11X556,BRONX PARK MIDDLE SCHOOL,6/23/2022 12:00:00 AM,52.57
11X566,PELHAM GARDENS MIDDLE SCHOOL,6/23/2022 12:00:00 AM,80.89
11X567,LINDEN TREE ELEMENTARY SCHOOL,6/23/2022 12:00:00 AM,86.03
12X006,P.S. 006 WEST FARMS,6/23/2022 12:00:00 AM,78.19
12X044,P.S. 044 DAVID C. FARRAGUT,6/23/2022 12:00:00 AM,73.00
12X047,P.S. 047 JOHN RANDOLPH,6/23/2022 12:00:00 AM,86.66
12X057,P.S. 057 CRESCENT,6/23/2022 12:00:00 AM,76.09
12X061,P.S. 061 FRANCISCO OLLER,6/23/2022 12:00:00 AM,82.23
12X066,P.S. 066 SCHOOL OF HIGHER EXPECTATIONS,6/23/2022 12:00:00 AM,75.83
12X067,P.S. 067 MOHEGAN SCHOOL,6/23/2022 12:00:00 AM,69.57
12X098,J.H.S. 098 HERMAN RIDDER,6/23/2022 12:00:00 AM,83.53
12X129,M.S. 129 ACADEMY FOR INDEPENDENT LEARNING AND LEAD,6/23/2022 12:00:00 AM,82.46
12X134,P.S. 134 GEORGE F. BRISTOW,6/23/2022 12:00:00 AM,76.94
12X150,P.S. 150 CHARLES JAMES FOX,6/23/2022 12:00:00 AM,79.02
12X190,E.S.M.T  I.S. 190,6/23/2022 12:00:00 AM,77.86
12X195,P.S. 195,6/23/2022 12:00:00 AM,87.59
12X196,P.S. 196,6/23/2022 12:00:00 AM,84.17
12X211,P.S. 211,6/23/2022 12:00:00 AM,75.74
12X214,P.S. 214,6/23/2022 12:00:00 AM,67.66
12X217,SCHOOL OF PERFORMING ARTS,6/23/2022 12:00:00 AM,83.26
12X242,MOTT HALL V,6/23/2022 12:00:00 AM,82.24
12X267,BRONX LATIN,6/23/2022 12:00:00 AM,97.96
12X271,EAST BRONX ACADEMY FOR THE FUTURE,6/23/2022 12:00:00 AM,69.56
12X273,FREDERICK DOUGLASS ACADEMY V. MIDDLE SCHOOL,6/23/2022 12:00:00 AM,86.75
12X286,FANNIE LOU HAMER MIDDLE SCHOOL,6/23/2022 12:00:00 AM,66.92
12X300,THE SCHOOL OF SCIENCE AND APPLIED LEARNING,6/23/2022 12:00:00 AM,77.37
12X314,FAIRMONT NEIGHBORHOOD SCHOOL,6/23/2022 12:00:00 AM,76.82
12X316,KAPPA III,6/23/2022 12:00:00 AM,86.92
12X318,"I.S. X318 MATH, SCIENCE   TECHNOLOGY THROUGH ARTS",6/23/2022 12:00:00 AM,83.42
12X341,ACCION ACADEMY,6/23/2022 12:00:00 AM,85.41
12X383,EMOLIOR ACADEMY,6/23/2022 12:00:00 AM,55.09
12X458,SAMARA COMMUNITY SCHOOL,6/23/2022 12:00:00 AM,88.53
12X463,URBAN SCHOLARS COMMUNITY SCHOOL,6/23/2022 12:00:00 AM,79.94
12X531,ARCHER ELEMENTARY SCHOOL,6/23/2022 12:00:00 AM,86.82
12X536,P.S. 536,6/23/2022 12:00:00 AM,87.05
12X595,P.S. 595,6/23/2022 12:00:00 AM,75.45
12X626,DISTRICT 12 PRE K CENTER,6/23/2022 12:00:00 AM,71.60
12X682,FANNIE LOU HAMER FREEDOM HIGH SCHOOL,6/23/2022 12:00:00 AM,NS
12X691,BRONX LITTLE SCHOOL,6/23/2022 12:00:00 AM,89.54
13K003,P.S. 003 THE BEDFORD VILLAGE,6/23/2022 12:00:00 AM,78.27
13K008,THE EMILY WARREN ROEBLING SCHOOL,6/23/2022 12:00:00 AM,NS
13K009,PUBLIC SCHOOL 9 THE SARAH SMITH GARNET SCHOOL,6/23/2022 12:00:00 AM,83.98
13K011,P.S. 011 PURVIS J. BEHAN,6/23/2022 12:00:00 AM,86.31
13K020,P.S. 020 CLINTON HILL,6/23/2022 12:00:00 AM,83.55
13K044,P.S. 044 MARCUS GARVEY,6/23/2022 12:00:00 AM,62.99
13K046,P.S. 046 EDWARD C. BLUM,6/23/2022 12:00:00 AM,73.64
13K054,P.S. 054 SAMUEL C. BARNES,6/23/2022 12:00:00 AM,77.38
13K056,P.S. 056 LEWIS H. LATIMER,6/23/2022 12:00:00 AM,80.47
13K067,P.S. 067 CHARLES A. DORSEY,6/23/2022 12:00:00 AM,65.80
13K093,P.S. 093 WILLIAM H. PRESCOTT,6/23/2022 12:00:00 AM,66.66
13K113,M.S. 113 RONALD EDMONDS LEARNING CENTER,6/23/2022 12:00:00 AM,82.19
13K133,P.S. 133 WILLIAM A. BUTLER,6/23/2022 12:00:00 AM,92.98
13K256,P.S. 256 BENJAMIN BANNEKER,6/23/2022 12:00:00 AM,57.78
13K265,DR. SUSAN S. MCKINNEY SECONDARY SCHOOL OF THE ARTS,6/23/2022 12:00:00 AM,95.56
13K266,M.S. K266   PARK PLACE COMMUNITY MIDDLE SCHOOL,6/23/2022 12:00:00 AM,60.95
13K270,P.S. 270 JOHANN DEKALB,6/23/2022 12:00:00 AM,100.00
13K282,P.S. 282 PARK SLOPE,6/23/2022 12:00:00 AM,84.00
13K287,P.S. 287 BAILEY K. ASHFORD,6/23/2022 12:00:00 AM,65.44
13K301,RESTORATION ACADEMY,6/23/2022 12:00:00 AM,78.94
13K307,P.S. 307 DANIEL HALE WILLIAMS,6/23/2022 12:00:00 AM,78.29
13K313,DOCK STREET SCHOOL FOR STEAM STUDIES,6/23/2022 12:00:00 AM,80.60
13K351,THE URBAN ASSEMBLY UNISON SCHOOL,6/23/2022 12:00:00 AM,55.49
13K492,ACADEMY OF ARTS AND LETTERS,6/23/2022 12:00:00 AM,91.11
13K527,URBAN ASSEMBLY INSTITUTE OF MATH AND SCIENCE FOR Y,6/23/2022 12:00:00 AM,71.95
13K616,BROOKLYN HIGH SCHOOL FOR LEADERSHIP AND COMMUNITY,6/23/2022 12:00:00 AM,NS
13K691,FORT GREENE PREPARATORY ACADEMY,6/23/2022 12:00:00 AM,45.34
13K869,DISTRICT 13 PRE K CENTER,6/23/2022 12:00:00 AM,72.41
13K915,BRIDGES: A SCHOOL FOR EXPLORATION AND EQUITY,6/23/2022 12:00:00 AM,81.37
14K016,P.S. 016 LEONARD DUNKLY,6/23/2022 12:00:00 AM,81.42
14K017,P.S. 017 HENRY D. WOODWORTH,6/23/2022 12:00:00 AM,86.25
14K018,P.S. 018 EDWARD BUSH,6/23/2022 12:00:00 AM,78.01
14K023,P.S. 023 CARTER G. WOODSON,6/23/2022 12:00:00 AM,68.09
14K031,P.S. 031 SAMUEL F. DUPONT,6/23/2022 12:00:00 AM,92.17
14K034,P.S. 034 OLIVER H. PERRY,6/23/2022 12:00:00 AM,90.54
14K050,J.H.S. 050 JOHN D. WELLS,6/23/2022 12:00:00 AM,77.14
14K059,P.S. 059 WILLIAM FLOYD,6/23/2022 12:00:00 AM,87.50
14K071,JUAN MOREL CAMPOS SECONDARY SCHOOL,6/23/2022 12:00:00 AM,67.19
14K084,P.S. 084 JOSE DE DIEGO,6/23/2022 12:00:00 AM,88.00
14K110,P.S. 110 THE MONITOR,6/23/2022 12:00:00 AM,89.28
14K120,P.S. 120 CARLOS TAPIA,6/23/2022 12:00:00 AM,83.17
14K126,JOHN ERICSSON MIDDLE SCHOOL 126,6/23/2022 12:00:00 AM,81.56
14K132,P.S. 132 THE CONSELYEA SCHOOL,6/23/2022 12:00:00 AM,87.39
14K147,P.S. 147 ISAAC REMSEN,6/23/2022 12:00:00 AM,89.71
14K157,P.S. I.S. 157 THE BENJAMIN FRANKLIN HEALTH   SCIEN,6/23/2022 12:00:00 AM,76.43
14K196,P.S. 196 TEN EYCK,6/23/2022 12:00:00 AM,76.97
14K250,P.S. 250 GEORGE H. LINDSAY,6/23/2022 12:00:00 AM,80.06
14K257,P.S. 257 JOHN F. HYLAN,6/23/2022 12:00:00 AM,79.18
14K297,P.S. 297 ABRAHAM STOCKTON,6/23/2022 12:00:00 AM,86.82
14K318,I.S. 318 EUGENIO MARIA DE HOSTOS,6/23/2022 12:00:00 AM,88.65
14K319,P.S. 319,6/23/2022 12:00:00 AM,NS
14K380,P.S. 380 JOHN WAYNE ELEMENTARY,6/23/2022 12:00:00 AM,84.85
14K414,BROOKLYN ARBOR ELEMENTARY SCHOOL,6/23/2022 12:00:00 AM,92.32
14K474,PROGRESS HIGH SCHOOL FOR PROFESSIONAL CAREERS,6/23/2022 12:00:00 AM,NS
14K477,EAST WILLIAMSBURG SCHOLARS ACADEMY,6/23/2022 12:00:00 AM,NS
14K577,CONSELYEA PREPARATORY SCHOOL,6/23/2022 12:00:00 AM,79.26
14K582,M.S. 582,6/23/2022 12:00:00 AM,86.83
14K586,LYONS COMMUNITY SCHOOL,6/23/2022 12:00:00 AM,62.76
14K614,YOUNG WOMEN S LEADERSHIP SCHOOL OF BROOKLYN,6/23/2022 12:00:00 AM,57.29
14K685,EL PUENTE ACADEMY FOR PEACE AND JUSTICE,6/23/2022 12:00:00 AM,NS
15K001,P.S. 001 THE BERGEN,6/23/2022 12:00:00 AM,86.15
15K010,"MAGNET SCHOOL OF MATH, SCIENCE AND DESIGN TECHNOLO",6/23/2022 12:00:00 AM,90.34
15K015,P.S. 015 PATRICK F. DALY,6/23/2022 12:00:00 AM,81.08
15K024,P.S. 024,6/23/2022 12:00:00 AM,91.50
15K029,P.S. 029 JOHN M. HARRIGAN,6/23/2022 12:00:00 AM,95.49
15K032,P.S. 032 SAMUEL MILLS SPROLE,6/23/2022 12:00:00 AM,91.00
15K038,P.S. 038 THE PACIFIC,6/23/2022 12:00:00 AM,84.17
15K039,P.S. 039 HENRY BRISTOW,6/23/2022 12:00:00 AM,95.88
15K051,M.S. 51 WILLIAM ALEXANDER,6/23/2022 12:00:00 AM,91.96
15K058,P.S. 058 THE CARROLL,6/23/2022 12:00:00 AM,95.79
15K088,J.H.S. 088 PETER ROUGET,6/23/2022 12:00:00 AM,69.80
15K094,P.S. 094 THE HENRY LONGFELLOW,6/23/2022 12:00:00 AM,94.68
15K107,P.S. 107 JOHN W. KIMBALL,6/23/2022 12:00:00 AM,89.81
15K118,THE MAURICE SENDAK COMMUNITY SCHOOL,6/23/2022 12:00:00 AM,92.62
15K124,P.S. 124 SILAS B. DUTCHER,6/23/2022 12:00:00 AM,84.61
15K130,P.S. 130 THE PARKSIDE,6/23/2022 12:00:00 AM,92.10
15K131,P.S. 131 BROOKLYN,6/23/2022 12:00:00 AM,90.16
15K136,I.S. 136 CHARLES O. DEWEY,6/23/2022 12:00:00 AM,90.18
15K146,"THE BROOKLYN NEW SCHOOL, P.S. 146",6/23/2022 12:00:00 AM,85.09
15K154,THE WINDSOR TERRACE SCHOOL,6/23/2022 12:00:00 AM,95.96
15K169,P.S. 169 SUNSET PARK,6/23/2022 12:00:00 AM,89.74
15K172,P.S. 172 BEACON SCHOOL OF EXCELLENCE,6/23/2022 12:00:00 AM,89.92
15K230,P.S. 230 DORIS L. COHEN,6/23/2022 12:00:00 AM,88.86
15K261,P.S. 261 PHILIP LIVINGSTON,6/23/2022 12:00:00 AM,87.38
15K295,P.S. 295,6/23/2022 12:00:00 AM,87.81
15K321,P.S. 321 WILLIAM PENN,6/23/2022 12:00:00 AM,94.35
15K418,THE CHILDREN S SCHOOL,6/23/2022 12:00:00 AM,94.27
15K423,BROOKLYN FRONTIERS HIGH SCHOOL,6/23/2022 12:00:00 AM,NS
15K442,M.S. 442 CARROLL GARDENS SCHOOL FOR INNOVATION,6/23/2022 12:00:00 AM,83.33
15K443,NEW VOICES SCHOOL OF ACADEMIC   CREATIVE ARTS,6/23/2022 12:00:00 AM,90.43
15K447,THE MATH   SCIENCE EXPLORATORY SCHOOL,6/23/2022 12:00:00 AM,91.27
15K448,BROOKLYN COLLABORATIVE STUDIES,6/23/2022 12:00:00 AM,64.55
15K464,PARK SLOPE COLLEGIATE,6/23/2022 12:00:00 AM,NS
15K497,THE BOERUM HILL SCHOOL FOR INTERNATIONAL STUDIES,6/23/2022 12:00:00 AM,86.00
15K516,SUNSET PARK AVENUES ELEMENTARY SCHOOL,6/23/2022 12:00:00 AM,93.24
15K676,RED HOOK NEIGHBORHOOD SCHOOL,6/23/2022 12:00:00 AM,65.00
15K767,THE LITTLE BROOKLYN PRE K CENTER,6/23/2022 12:00:00 AM,85.13
15K821,SUNSET PARK PREP,6/23/2022 12:00:00 AM,80.66
15K839,M.S. 839,6/23/2022 12:00:00 AM,83.14
15K863,PRE K CENTER AT BISHOP FORD SCHOOL SITE,6/23/2022 12:00:00 AM,89.32
15K896,THE SCHOOL OF CREATIVITY AND INNOVATION,6/23/2022 12:00:00 AM,89.75
16K005,P.S. 005 DR. RONALD MCNAIR,6/23/2022 12:00:00 AM,69.43
16K021,P.S. 021 CRISPUS ATTUCKS,6/23/2022 12:00:00 AM,79.30
16K025,P.S. 025 EUBIE BLAKE SCHOOL,6/23/2022 12:00:00 AM,80.32
16K026,P.S. 026 JESSE OWENS,6/23/2022 12:00:00 AM,85.93
16K035,M.S. 035 STEPHEN DECATUR,6/23/2022 12:00:00 AM,81.50
16K040,P.S. 040 GEORGE W. CARVER,6/23/2022 12:00:00 AM,74.14
16K057,WHITELAW REID ACADEMY OF ARTS AND BUSINESS,6/23/2022 12:00:00 AM,70.47
16K081,P.S. 081 THADDEUS STEVENS,6/23/2022 12:00:00 AM,78.48
16K243,P.S. 243K  THE WEEKSVILLE SCHOOL,6/23/2022 12:00:00 AM,72.30
16K262,P.S. 262 EL HAJJ MALIK EL SHABAZZ ELEMENTARY SCHOO,6/23/2022 12:00:00 AM,74.07
16K267,"M.S. 267 MATH, SCIENCE   TECHNOLOGY",6/23/2022 12:00:00 AM,NS
16K308,P.S. 308 CLARA CARDWELL,6/23/2022 12:00:00 AM,70.66
16K309,P.S. 309 THE GEORGE E. WIBECAN PREPARATORY ACADEMY,6/23/2022 12:00:00 AM,83.72
16K335,P.S. 335 GRANVILLE T. WOODS,6/23/2022 12:00:00 AM,68.42
16K627,BRIGHTER CHOICE COMMUNITY SCHOOL,6/23/2022 12:00:00 AM,74.91
16K628,BROOKLYN BROWNSTONE SCHOOL,6/23/2022 12:00:00 AM,82.49
16K681,MADIBA PREP MIDDLE SCHOOL,6/23/2022 12:00:00 AM,72.26
16K765,NELSON MANDELA HIGH SCHOOL,6/23/2022 12:00:00 AM,NS
16K898,THE BROOKLYN GREEN SCHOOL,6/23/2022 12:00:00 AM,74.83
17K002,PARKSIDE PREPARATORY ACADEMY,6/23/2022 12:00:00 AM,80.72
17K006,NORMA ADAMS CLEMONS ACADEMY,6/23/2022 12:00:00 AM,73.91
17K012,DR. JACQUELINE PEEK DAVIS SCHOOL,6/23/2022 12:00:00 AM,77.72
17K061,M.S. 061 DR. GLADSTONE H. ATWELL,6/23/2022 12:00:00 AM,51.21
17K091,P.S. 091 THE ALBANY AVENUE SCHOOL,6/23/2022 12:00:00 AM,85.64
17K092,P.S. 092 ADRIAN HEGEMAN,6/23/2022 12:00:00 AM,78.09
17K138,P.S. 138 BROOKLYN,6/23/2022 12:00:00 AM,79.27
17K161,P.S. 161 THE CROWN,6/23/2022 12:00:00 AM,78.96
17K181,P.S. 181 BROOKLYN,6/23/2022 12:00:00 AM,80.47
17K189,P.S. 189 THE BILINGUAL CENTER,6/23/2022 12:00:00 AM,87.92
17K191,P.S. 191 PAUL ROBESON,6/23/2022 12:00:00 AM,77.48
17K221,P.S. 221 TOUSSAINT L OUVERTURE,6/23/2022 12:00:00 AM,79.41
17K241,P.S. 241 EMMA L. JOHNSTON,6/23/2022 12:00:00 AM,84.39
17K246,M.S. 246 WALT WHITMAN,6/23/2022 12:00:00 AM,71.14
17K249,P.S. 249 THE CATON,6/23/2022 12:00:00 AM,92.84
17K289,P.S. 289 GEORGE V. BROWER,6/23/2022 12:00:00 AM,62.50
17K316,P.S. 316 ELIJAH STROUD,6/23/2022 12:00:00 AM,81.06
17K340,I.S. 340,6/23/2022 12:00:00 AM,62.98
17K352,EBBETS FIELD MIDDLE SCHOOL,6/23/2022 12:00:00 AM,88.72
17K353,ELIJAH STROUD MIDDLE SCHOOL,6/23/2022 12:00:00 AM,81.15
17K354,THE SCHOOL OF INTEGRATED LEARNING,6/23/2022 12:00:00 AM,77.86
17K375,P.S. 375 JACKIE ROBINSON SCHOOL,6/23/2022 12:00:00 AM,77.90
17K382,ACADEMY FOR COLLEGE PREPARATION AND CAREER EXPLORA,6/23/2022 12:00:00 AM,93.68
17K394,M.S. K394,6/23/2022 12:00:00 AM,79.02
17K397,P.S. 397 FOSTER LAURIE,6/23/2022 12:00:00 AM,76.21
17K398,P.S. 398 WALTER WEAVER,6/23/2022 12:00:00 AM,73.62
17K399,P.S. 399 STANLEY EUGENE CLARK,6/23/2022 12:00:00 AM,96.99
17K484,RONALD EDMONDS LEARNING CENTER II,6/23/2022 12:00:00 AM,75.79
17K524,INTERNATIONAL HIGH SCHOOL AT PROSPECT HEIGHTS,6/23/2022 12:00:00 AM,43.52
17K532,NEW BRIDGES ELEMENTARY,6/23/2022 12:00:00 AM,84.87
17K543,"SCIENCE, TECHNOLOGY AND RESEARCH EARLY COLLEGE HIG",6/23/2022 12:00:00 AM,78.73
17K590,MEDGAR EVERS COLLEGE PREPARATORY SCHOOL,6/23/2022 12:00:00 AM,96.65
17K705,BROOKLYN ARTS AND SCIENCE ELEMENTARY SCHOOL,6/23/2022 12:00:00 AM,89.86
17K722,NEW HEIGHTS MIDDLE SCHOOL,6/23/2022 12:00:00 AM,84.57
17K751,ACADEMY FOR HEALTH CAREERS,6/23/2022 12:00:00 AM,NS
17K770,P.S. 770 NEW AMERICAN ACADEMY,6/23/2022 12:00:00 AM,93.75
18K066,P.S. 66,6/23/2022 12:00:00 AM,80.30
18K068,I.S. 068 ISAAC BILDERSEE,6/23/2022 12:00:00 AM,84.30
18K114,P.S. 114 RYDER ELEMENTARY,6/23/2022 12:00:00 AM,72.63
18K115,P.S. 115 DANIEL MUCATEL SCHOOL,6/23/2022 12:00:00 AM,80.46
18K135,P.S. 135 SHELDON A. BROOKNER,6/23/2022 12:00:00 AM,77.52
18K208,P.S. 208 ELSA EBELING,6/23/2022 12:00:00 AM,78.96
18K211,I.S. 211 JOHN WILSON,6/23/2022 12:00:00 AM,46.04
18K219,P.S. 219 KENNEDY KING,6/23/2022 12:00:00 AM,81.10
18K233,P.S. 233 LANGSTON HUGHES,6/23/2022 12:00:00 AM,71.28
18K235,P.S. 235 JANICE MARIE KNIGHT SCHOOL,6/23/2022 12:00:00 AM,78.72
18K244,P.S. 244 RICHARD R. GREEN,6/23/2022 12:00:00 AM,75.66
18K268,P.S. 268 EMMA LAZARUS,6/23/2022 12:00:00 AM,77.53
18K272,P.S. 272 CURTIS ESTABROOK,6/23/2022 12:00:00 AM,68.42
18K276,P.S. 276 LOUIS MARSHALL,6/23/2022 12:00:00 AM,71.99
18K279,P.S. 279 HERMAN SCHREIBER,6/23/2022 12:00:00 AM,73.18
18K285,I.S. 285 MEYER LEVIN,6/23/2022 12:00:00 AM,72.43
18K366,THE SCIENCE AND MEDICINE MIDDLE SCHOOL,6/23/2022 12:00:00 AM,59.18
18K569,KURT HAHN EXPEDITIONARY LEARNING SCHOOL,6/23/2022 12:00:00 AM,NS
18K581,"THE MIDDLE SCHOOL OF MEDIA, LAW AND FINE ARTS",6/23/2022 12:00:00 AM,82.84
18K588,MIDDLE SCHOOL FOR ART AND PHILOSOPHY,6/23/2022 12:00:00 AM,81.16
18K642,URBAN ACTION ACADEMY,6/23/2022 12:00:00 AM,21.73
18K673,EAST BROOKLYN COMMUNITY HIGH SCHOOL,6/23/2022 12:00:00 AM,NS
18K763,BROOKLYN SCIENCE AND ENGINEERING ACADEMY,6/23/2022 12:00:00 AM,89.41
19K007,P.S. 007 ABRAHAM LINCOLN,6/23/2022 12:00:00 AM,90.03
19K013,P.S. 013 ROBERTO CLEMENTE,6/23/2022 12:00:00 AM,85.34
19K065,P.S. 065,6/23/2022 12:00:00 AM,86.09
19K089,P.S. 089 CYPRESS HILLS,6/23/2022 12:00:00 AM,89.95
19K108,P.S. 108 SAL ABBRACCIAMENTO,6/23/2022 12:00:00 AM,89.63
19K149,P.S. 149 DANNY KAYE,6/23/2022 12:00:00 AM,81.25
19K158,P.S. 158 WARWICK,6/23/2022 12:00:00 AM,78.40
19K159,P.S. 159 ISAAC PITKIN,6/23/2022 12:00:00 AM,78.94
19K171,I.S. 171 ABRAHAM LINCOLN,6/23/2022 12:00:00 AM,64.07
19K190,P.S. 190 SHEFFIELD,6/23/2022 12:00:00 AM,65.15
19K202,P.S. 202 ERNEST S. JENKYNS,6/23/2022 12:00:00 AM,86.66
19K213,P.S. 213 NEW LOTS,6/23/2022 12:00:00 AM,68.91
19K214,P.S. 214 MICHAEL FRIEDSAM,6/23/2022 12:00:00 AM,82.08
19K218,J.H.S. 218 JAMES P. SINNOTT,6/23/2022 12:00:00 AM,72.04
19K224,P.S. 224 HALE A. WOODRUFF,6/23/2022 12:00:00 AM,72.54
19K273,P.S. 273 WORTMAN,6/23/2022 12:00:00 AM,74.67
19K290,P.S. 290 JUAN MOREL CAMPOS,6/23/2022 12:00:00 AM,80.27
19K292,J.H.S. 292 MARGARET S. DOUGLAS,6/23/2022 12:00:00 AM,71.49
19K306,P.S. 306 ETHAN ALLEN,6/23/2022 12:00:00 AM,61.97
19K325,THE FRESH CREEK SCHOOL,6/23/2022 12:00:00 AM,74.37
19K328,P.S. 328 PHYLLIS WHEATLEY,6/23/2022 12:00:00 AM,86.09
19K345,P.S. 345 PATROLMAN ROBERT BOLDEN,6/23/2022 12:00:00 AM,79.01
19K346,P.S. 346 ABE STARK,6/23/2022 12:00:00 AM,81.79
19K364,I.S. 364 GATEWAY,6/23/2022 12:00:00 AM,63.88
19K404,ACADEMY FOR YOUNG WRITERS,6/23/2022 12:00:00 AM,73.28
19K409,EAST NEW YORK FAMILY ACADEMY,6/23/2022 12:00:00 AM,58.92
19K422,SPRING CREEK COMMUNITY SCHOOL,6/23/2022 12:00:00 AM,71.20
19K452,FREDERICK DOUGLASS ACADEMY VIII MIDDLE SCHOOL,6/23/2022 12:00:00 AM,85.51
19K502,FDNY   CAPTAIN VERNON A. RICHARD HIGH SCHOOL FOR F,6/23/2022 12:00:00 AM,NS
19K557,BROOKLYN GARDENS ELEMENTARY SCHOOL,6/23/2022 12:00:00 AM,75.08
19K654,VAN SICLEN COMMUNITY MIDDLE SCHOOL,6/23/2022 12:00:00 AM,83.19
19K660,W. H. MAXWELL CAREER AND TECHNICAL EDUCATION HIGH,6/23/2022 12:00:00 AM,NS
19K661,VISTA ACADEMY,6/23/2022 12:00:00 AM,65.35
19K662,LIBERTY AVENUE MIDDLE SCHOOL,6/23/2022 12:00:00 AM,78.73
19K663,SCHOOL OF THE FUTURE BROOKLYN,6/23/2022 12:00:00 AM,NS
19K677,EAST NEW YORK ELEMENTARY SCHOOL OF EXCELLENCE,6/23/2022 12:00:00 AM,73.26
19K678,EAST NEW YORK MIDDLE SCHOOL OF EXCELLENCE,6/23/2022 12:00:00 AM,56.01
19K760,HIGHLAND PARK COMMUNITY SCHOOL,6/23/2022 12:00:00 AM,91.18
19K907,LEGACY SCHOOL OF THE ARTS,6/23/2022 12:00:00 AM,71.81
19K935,M.S. 935,6/23/2022 12:00:00 AM,80.64
19K938,P.S. 938,6/23/2022 12:00:00 AM,79.38
20K030,P.S. I.S. 30 MARY WHITE OVINGTON,6/23/2022 12:00:00 AM,87.72
20K048,P.S. 048 MAPLETON,6/23/2022 12:00:00 AM,90.75
20K062,J.H.S. 062 DITMAS,6/23/2022 12:00:00 AM,82.22
20K069,P.S. 69 VINCENT D. GRIPPO SCHOOL,6/23/2022 12:00:00 AM,96.91
20K102,P.S. 102 THE BAYVIEW,6/23/2022 12:00:00 AM,88.04
20K104,P.S. I.S. 104 THE FORT HAMILTON SCHOOL,6/23/2022 12:00:00 AM,88.61
20K105,P.S. 105 THE BLYTHEBOURNE,6/23/2022 12:00:00 AM,97.63
20K112,P.S. 112 LEFFERTS PARK,6/23/2022 12:00:00 AM,89.37
20K127,P.S. 127 MCKINLEY PARK,6/23/2022 12:00:00 AM,89.90
20K160,P.S. 160 WILLIAM T. SAMPSON,6/23/2022 12:00:00 AM,96.20
20K163,P.S. 163 BATH BEACH,6/23/2022 12:00:00 AM,90.39
20K164,P.S. 164 CAESAR RODNEY,6/23/2022 12:00:00 AM,93.72
20K170,RALPH A. FABRIZIO SCHOOL,6/23/2022 12:00:00 AM,93.34
20K176,P.S. 176 OVINGTON,6/23/2022 12:00:00 AM,96.01
20K179,P.S. 179 KENSINGTON,6/23/2022 12:00:00 AM,83.93
20K180,THE SEEALL ACADEMY,6/23/2022 12:00:00 AM,86.28
20K185,P.S. 185 WALTER KASSENBROCK,6/23/2022 12:00:00 AM,88.80
20K186,P.S. 186 DR. IRVING A GLADSTONE,6/23/2022 12:00:00 AM,90.60
20K187,THE CHRISTA MCAULIFFE SCHOOL I.S. 187,6/23/2022 12:00:00 AM,96.39
20K192,P.S. 192   THE MAGNET SCHOOL FOR MATH AND SCIENCE,6/23/2022 12:00:00 AM,83.87
20K200,P.S. 200 BENSON SCHOOL,6/23/2022 12:00:00 AM,89.03
20K201,J.H.S. 201 THE DYKER HEIGHTS,6/23/2022 12:00:00 AM,93.07
20K204,P.S. 204 VINCE LOMBARDI,6/23/2022 12:00:00 AM,90.93
20K205,P.S. 205 CLARION,6/23/2022 12:00:00 AM,90.92
20K220,J.H.S. 220 JOHN J. PERSHING,6/23/2022 12:00:00 AM,92.70
20K223,J.H.S. 223 THE MONTAUK,6/23/2022 12:00:00 AM,89.92
20K227,J.H.S. 227 EDWARD B. SHALLOW,6/23/2022 12:00:00 AM,84.83
20K229,P.S. 229 DYKER,6/23/2022 12:00:00 AM,91.27
20K247,P.S. 247 BROOKLYN,6/23/2022 12:00:00 AM,92.63
20K259,J.H.S. 259 WILLIAM MCKINLEY,6/23/2022 12:00:00 AM,85.08
20K264,P.S. 264 BAY RIDGE ELEMENTARY SCHOOL FOR THE ARTS,6/23/2022 12:00:00 AM,84.51
20K310,THE SCHOOL FOR FUTURE LEADERS,6/23/2022 12:00:00 AM,97.08
20K503,P.S. 503: THE SCHOOL OF DISCOVERY,6/23/2022 12:00:00 AM,86.92
20K506,P.S. 506: THE SCHOOL OF JOURNALISM   TECHNOLOGY,6/23/2022 12:00:00 AM,93.39
20K609,URBAN ASSEMBLY SCHOOL FOR LEADERSHIP AND EMPOWERME,6/23/2022 12:00:00 AM,50.55
20K682,THE ACADEMY OF TALENTED SCHOLARS,6/23/2022 12:00:00 AM,92.30
20K686,BROOKLYN SCHOOL OF INQUIRY,6/23/2022 12:00:00 AM,94.63
20K748,P.S. 748 BROOKLYN SCHOOL FOR GLOBAL SCHOLARS,6/23/2022 12:00:00 AM,94.69
20K768,DISTRICT 20 PRE K CENTER,6/23/2022 12:00:00 AM,79.12
20K936,MS 936 ARTS OFF 3RD,6/23/2022 12:00:00 AM,94.64
20K939,SUNSET SCHOOL OF CULTURAL LEARNING,6/23/2022 12:00:00 AM,91.07
20K971,"SCHOOL OF MATH, SCIENCE, AND HEALTHY LIVING",6/23/2022 12:00:00 AM,88.84
21K090,P.S. 90 EDNA COHEN SCHOOL,6/23/2022 12:00:00 AM,76.64
21K095,P.S. 095 THE GRAVESEND,6/23/2022 12:00:00 AM,90.28
21K096,I.S. 096 SETH LOW,6/23/2022 12:00:00 AM,84.10
21K097,P.S. 97 THE HIGHLAWN,6/23/2022 12:00:00 AM,93.48
21K098,I.S. 98 BAY ACADEMY,6/23/2022 12:00:00 AM,86.74
21K099,P.S. 099 ISAAC ASIMOV,6/23/2022 12:00:00 AM,78.86
21K100,P.S. 100 THE CONEY ISLAND SCHOOL,6/23/2022 12:00:00 AM,88.19
21K101,P.S. 101 THE VERRAZANO,6/23/2022 12:00:00 AM,91.26
21K121,P.S. 121 NELSON A. ROCKEFELLER,6/23/2022 12:00:00 AM,87.38
21K128,P.S. 128 BENSONHURST,6/23/2022 12:00:00 AM,84.61
21K153,P.S. 153 HOMECREST,6/23/2022 12:00:00 AM,88.05
21K177,P.S. 177 THE MARLBORO,6/23/2022 12:00:00 AM,81.58
21K188,P.S. 188 MICHAEL E. BERDY,6/23/2022 12:00:00 AM,71.15
21K199,P.S. 199 FREDERICK WACHTEL,6/23/2022 12:00:00 AM,84.72
21K209,P.S. 209 MARGARET MEAD,6/23/2022 12:00:00 AM,87.31
21K212,P.S. 212 LADY DEBORAH MOODY,6/23/2022 12:00:00 AM,87.14
21K215,P.S. 215 MORRIS H. WEISS,6/23/2022 12:00:00 AM,87.30
21K216,P.S. 216 ARTURO TOSCANINI,6/23/2022 12:00:00 AM,84.95
21K225,P.S. K225   THE EILEEN E. ZAGLIN,6/23/2022 12:00:00 AM,80.77
21K226,P.S. 226 ALFRED DE B. MASON,6/23/2022 12:00:00 AM,83.07
21K228,I.S. 228 DAVID A. BOODY,6/23/2022 12:00:00 AM,87.18
21K238,P.S. 238 ANNE SULLIVAN,6/23/2022 12:00:00 AM,77.72
21K239,MARK TWAIN I.S. 239 FOR THE GIFTED   TALENTED,6/23/2022 12:00:00 AM,80.93
21K253,P.S. 253,6/23/2022 12:00:00 AM,86.27
21K281,I.S. 281 JOSEPH B CAVALLARO,6/23/2022 12:00:00 AM,79.76
21K288,P.S. 288 THE SHIRLEY TANYHILL,6/23/2022 12:00:00 AM,77.83
21K303,I.S. 303 HERBERT S. EISENBERG,6/23/2022 12:00:00 AM,85.00
21K329,P.S. 329 SURFSIDE,6/23/2022 12:00:00 AM,79.65
21K468,KINGSBOROUGH EARLY COLLEGE SCHOOL,6/23/2022 12:00:00 AM,70.55
21K690,BROOKLYN STUDIO SECONDARY SCHOOL,6/23/2022 12:00:00 AM,68.73
21K728,LIBERATION DIPLOMA PLUS,6/23/2022 12:00:00 AM,NS
21K840,BROOKLYN S DAILY DISCOVERY PRE K CENTER,6/23/2022 12:00:00 AM,90.11
22K014,J.H.S. 014 SHELL BANK,6/23/2022 12:00:00 AM,56.17
22K052,P.S. 052 SHEEPSHEAD BAY,6/23/2022 12:00:00 AM,74.68
22K078,J.H.S. 078 ROY H. MANN,6/23/2022 12:00:00 AM,89.14
22K109,P.S. 109,6/23/2022 12:00:00 AM,77.09
22K119,P.S. 119 AMERSFORT,6/23/2022 12:00:00 AM,85.92
22K134,P.S. K134,6/23/2022 12:00:00 AM,87.40
22K139,P.S. 139 ALEXINE A. FENTY,6/23/2022 12:00:00 AM,88.32
22K152,SCHOOL OF SCIENCE   TECHNOLOGY,6/23/2022 12:00:00 AM,84.48
22K193,P.S. 193 GIL HODGES,6/23/2022 12:00:00 AM,79.74
22K194,P.S. 194 RAOUL WALLENBERG,6/23/2022 12:00:00 AM,80.46
22K195,P.S. 195 MANHATTAN BEACH,6/23/2022 12:00:00 AM,93.08
22K197,P.S. 197   THE KINGS HIGHWAY ACADEMY,6/23/2022 12:00:00 AM,83.77
22K198,P.S. 198 BROOKLYN,6/23/2022 12:00:00 AM,NS
22K203,P.S. 203 FLOYD BENNETT SCHOOL,6/23/2022 12:00:00 AM,83.45
22K206,P.S. 206 JOSEPH F LAMB,6/23/2022 12:00:00 AM,88.43
22K207,P.S. 207 ELIZABETH G. LEARY,6/23/2022 12:00:00 AM,89.50
22K217,P.S. 217 COLONEL DAVID MARCUS SCHOOL,6/23/2022 12:00:00 AM,85.45
22K222,P.S. 222 KATHERINE R. SNYDER,6/23/2022 12:00:00 AM,88.76
22K234,J.H.S. 234 ARTHUR W. CUNNINGHAM,6/23/2022 12:00:00 AM,84.00
22K236,P.S. 236 MILL BASIN,6/23/2022 12:00:00 AM,89.51
22K240,ANDRIES HUDDE,6/23/2022 12:00:00 AM,53.41
22K245,P.S. 245,6/23/2022 12:00:00 AM,88.97
22K251,P.S. 251 PAERDEGAT,6/23/2022 12:00:00 AM,75.92
22K254,P.S. 254 DAG HAMMARSKJOLD,6/23/2022 12:00:00 AM,86.62
22K255,P.S. 255 BARBARA REING SCHOOL,6/23/2022 12:00:00 AM,NS
22K277,P.S. 277 GERRITSEN BEACH,6/23/2022 12:00:00 AM,91.09
22K278,J.H.S. 278 MARINE PARK,6/23/2022 12:00:00 AM,76.49
22K312,P.S. 312 BERGEN BEACH,6/23/2022 12:00:00 AM,89.80
22K315,P.S. K315,6/23/2022 12:00:00 AM,83.36
22K326,P.S. 326,6/23/2022 12:00:00 AM,88.11
22K361,P.S. 361 EAST FLATBUSH EARLY CHILDHOOD SCHOOL,6/23/2022 12:00:00 AM,76.56
22K381,I. S. 381,6/23/2022 12:00:00 AM,79.06
22K555,BROOKLYN COLLEGE ACADEMY,6/23/2022 12:00:00 AM,NS
22K853,THE JOAN SNOW PRE K CENTER,6/23/2022 12:00:00 AM,78.41
22K889,P.S. 889,6/23/2022 12:00:00 AM,86.75
22K890,M.S. 890,6/23/2022 12:00:00 AM,90.68
23K041,P.S. 041 FRANCIS WHITE,6/23/2022 12:00:00 AM,60.46
23K137,P.S. I.S. 137 RACHEL JEAN MITCHELL,6/23/2022 12:00:00 AM,76.15
23K150,P.S. 150 CHRISTOPHER,6/23/2022 12:00:00 AM,77.92
23K155,P.S.  I.S. 155 NICHOLAS HERKIMER,6/23/2022 12:00:00 AM,73.27
23K156,P.S. 156 WAVERLY,6/23/2022 12:00:00 AM,81.98
23K165,P.S. 165 IDA POSNER,6/23/2022 12:00:00 AM,76.66
23K178,P.S. 178 SAINT CLAIR MCKELWAY,6/23/2022 12:00:00 AM,76.57
23K184,P.S. 184 NEWPORT,6/23/2022 12:00:00 AM,75.00
23K284,"THE GREGORY JOCKO JACKSON SCHOOL OF SPORTS, ART, A",6/23/2022 12:00:00 AM,73.44
23K298,P.S. 298 DR. BETTY SHABAZZ,6/23/2022 12:00:00 AM,83.27
23K323,P.S. I.S. 323,6/23/2022 12:00:00 AM,88.60
23K327,P.S. 327 DR. ROSE B. ENGLISH,6/23/2022 12:00:00 AM,72.84
23K363,BROWNSVILLE COLLABORATIVE MIDDLE SCHOOL,6/23/2022 12:00:00 AM,94.77
23K392,I.S. 392,6/23/2022 12:00:00 AM,66.56
23K401,CHRISTOPHER AVENUE COMMUNITY SCHOOL,6/23/2022 12:00:00 AM,85.27
23K446,RIVERDALE AVENUE COMMUNITY SCHOOL,6/23/2022 12:00:00 AM,65.94
23K518,KAPPA V  KNOWLEDGE AND POWER PREPARATORY ACADEMY,6/23/2022 12:00:00 AM,58.62
23K522,MOTT HALL IV,6/23/2022 12:00:00 AM,76.84
23K599,BROOKLYN LANDMARK ELEMENTARY SCHOOL,6/23/2022 12:00:00 AM,73.41
23K644,EAGLE ACADEMY FOR YOUNG MEN II,6/23/2022 12:00:00 AM,98.96
23K664,BROOKLYN ENVIRONMENTAL EXPLORATION SCHOOL  BEES,6/23/2022 12:00:00 AM,57.59
23K668,RIVERDALE AVENUE MIDDLE SCHOOL,6/23/2022 12:00:00 AM,52.75
23K671,MOTT HALL BRIDGES ACADEMY,6/23/2022 12:00:00 AM,84.15
24Q005,I.S. 5   THE WALTER CROWLEY INTERMEDIATE SCHOOL,6/23/2022 12:00:00 AM,85.11
24Q007,P.S. 007 LOUIS F. SIMEONE,6/23/2022 12:00:00 AM,88.71
24Q012,P.S. 012 JAMES B. COLGATE,6/23/2022 12:00:00 AM,92.14
24Q013,P.S. 013 CLEMENT C. MOORE,6/23/2022 12:00:00 AM,88.50
24Q014,P.S. 014 FAIRVIEW,6/23/2022 12:00:00 AM,85.97
24Q016,P.S. Q016 THE NANCY DEBENEDITTIS SCHOOL,6/23/2022 12:00:00 AM,89.06
24Q019,P.S. 019 MARINO JEANTET,6/23/2022 12:00:00 AM,88.25
24Q028,P.S. 28   THE THOMAS EMANUEL EARLY CHILDHOOD CENTE,6/23/2022 12:00:00 AM,86.66
24Q049,P.S. 049 DOROTHY BONAWIT KOLE,6/23/2022 12:00:00 AM,84.44
24Q058,P.S. 58   THE SCHOOL OF HEROES,6/23/2022 12:00:00 AM,90.99
24Q061,I.S. 061 LEONARDO DA VINCI,6/23/2022 12:00:00 AM,89.98
24Q068,P.S. 068 CAMBRIDGE,6/23/2022 12:00:00 AM,85.93
24Q071,P.S. 071 FOREST,6/23/2022 12:00:00 AM,88.80
24Q073,I.S. 73   THE FRANK SANSIVIERI INTERMEDIATE SCHOOL,6/23/2022 12:00:00 AM,84.58
24Q077,JOSEPH F. QUINN INTERMEDIATE SCHOOL 77,6/23/2022 12:00:00 AM,78.36
24Q081,P.S. 81Q JEAN PAUL RICHTER,6/23/2022 12:00:00 AM,86.77
24Q087,P.S. I.S. 087 MIDDLE VILLAGE,6/23/2022 12:00:00 AM,82.24
24Q088,P.S. 088 SENECA,6/23/2022 12:00:00 AM,84.83
24Q089,P.S. 089 ELMHURST,6/23/2022 12:00:00 AM,82.06
24Q091,P.S. 091 RICHARD ARKWRIGHT,6/23/2022 12:00:00 AM,83.97
24Q093,I.S. 093 RIDGEWOOD,6/23/2022 12:00:00 AM,85.15
24Q102,P.S. 102 BAYVIEW,6/23/2022 12:00:00 AM,89.68
24Q110,P.S. 110,6/23/2022 12:00:00 AM,85.45
24Q113,P.S. I.S. 113 ANTHONY J. PRANZO,6/23/2022 12:00:00 AM,90.85
24Q119,P.S. I.S. 119 THE GLENDALE,6/23/2022 12:00:00 AM,90.60
24Q125,I.S. 125 THOM J. MCCANN WOODSIDE,6/23/2022 12:00:00 AM,88.96
24Q128,"P.S. 128 THE LORRAINE TUZZO, JUNIPER VALLEY ELEMEN",6/23/2022 12:00:00 AM,90.97
24Q143,P.S. 143 LOUIS ARMSTRONG,6/23/2022 12:00:00 AM,89.17
24Q153,P.S. 153 MASPETH ELEM,6/23/2022 12:00:00 AM,87.25
24Q199,P.S. 199 MAURICE A. FITZGERALD,6/23/2022 12:00:00 AM,88.41
24Q211,ELM TREE ELEMENTARY SCHOOL,6/23/2022 12:00:00 AM,90.51
24Q229,P.S. 229 EMANUEL KAPLAN,6/23/2022 12:00:00 AM,88.44
24Q239,P.S. 239,6/23/2022 12:00:00 AM,86.76
24Q290,A.C.E. ACADEMY FOR SCHOLARS AT THE GERALDINE FERRA,6/23/2022 12:00:00 AM,89.10
24Q305,LEARNERS AND LEADERS,6/23/2022 12:00:00 AM,82.36
24Q307,PIONEER ACADEMY,6/23/2022 12:00:00 AM,92.18
24Q311,CORONA ARTS   SCIENCES ACADEMY,6/23/2022 12:00:00 AM,81.61
24Q330,HELEN M. MARSHALL SCHOOL,6/23/2022 12:00:00 AM,90.96
24Q331,MOSAIC PRE K CENTER,6/23/2022 12:00:00 AM,80.70
24Q343,THE CHILDREN S LAB SCHOOL,6/23/2022 12:00:00 AM,88.56
24Q560,"ROBERT F. WAGNER, JR. SECONDARY SCHOOL FOR ARTS AN",6/23/2022 12:00:00 AM,95.54
25Q020,P.S. 020 JOHN BOWNE,6/23/2022 12:00:00 AM,92.17
25Q021,P.S. 021 EDWARD HART,6/23/2022 12:00:00 AM,91.16
25Q022,P.S. 022 THOMAS JEFFERSON,6/23/2022 12:00:00 AM,93.10
25Q024,P.S. 024 ANDREW JACKSON,6/23/2022 12:00:00 AM,94.02
25Q025,I.S. 025 ADRIEN BLOCK,6/23/2022 12:00:00 AM,86.24
25Q029,P.S. 029 QUEENS,6/23/2022 12:00:00 AM,91.26
25Q032,P.S. 032 STATE STREET,6/23/2022 12:00:00 AM,94.15
25Q079,P.S. 079 FRANCIS LEWIS,6/23/2022 12:00:00 AM,93.08
25Q107,P.S. 107 THOMAS A DOOLEY,6/23/2022 12:00:00 AM,93.55
25Q120,P.S. 120 QUEENS,6/23/2022 12:00:00 AM,93.57
25Q129,P.S. 129 PATRICIA LARKIN,6/23/2022 12:00:00 AM,90.04
25Q130,P.S. 130,6/23/2022 12:00:00 AM,93.84
25Q154,P.S. 154 QUEENS,6/23/2022 12:00:00 AM,87.73
25Q163,P.S. 163 FLUSHING HEIGHTS,6/23/2022 12:00:00 AM,96.10
25Q164,P.S. 164 QUEENS VALLEY,6/23/2022 12:00:00 AM,86.74
25Q165,P.S. 165 EDITH K. BERGTRAUM,6/23/2022 12:00:00 AM,92.85
25Q169,P.S. 169 BAY TERRACE,6/23/2022 12:00:00 AM,93.61
25Q184,P.S. 184 FLUSHING MANOR,6/23/2022 12:00:00 AM,95.53
25Q185,J.H.S. 185 EDWARD BLEEKER,6/23/2022 12:00:00 AM,87.62
25Q189,J.H.S. 189 DANIEL CARTER BEARD,6/23/2022 12:00:00 AM,93.37
25Q193,P.S. 193 ALFRED J. KENNEDY,6/23/2022 12:00:00 AM,91.87
25Q194,J.H.S. 194 WILLIAM CARR,6/23/2022 12:00:00 AM,80.49
25Q200,P.S. M.S. 200   THE MAGNET SCHOOL OF GLOBAL STUDIE,6/23/2022 12:00:00 AM,85.51
25Q201,P.S. 201 THE DISCOVERY SCHOOL FOR INQUIRY AND RESE,6/23/2022 12:00:00 AM,87.32
25Q209,P.S. 209 CLEARVIEW GARDENS,6/23/2022 12:00:00 AM,94.34
25Q214,P.S. 214 CADWALLADER COLDEN,6/23/2022 12:00:00 AM,91.30
25Q219,P.S. 219 PAUL KLAPPER,6/23/2022 12:00:00 AM,93.44
25Q237,I.S. 237,6/23/2022 12:00:00 AM,93.51
25Q242,P.S. 242 LEONARD P. STAVISKY EARLY CHILDHOOD SCHOO,6/23/2022 12:00:00 AM,92.58
25Q244,THE ACTIVE LEARNING ELEMENTARY SCHOOL,6/23/2022 12:00:00 AM,93.52
25Q250,I.S. 250 THE ROBERT F. KENNEDY COMMUNITY MIDDLE SC,6/23/2022 12:00:00 AM,66.96
25Q252,"QUEENS SCHOOL OF INQUIRY, THE",6/23/2022 12:00:00 AM,83.80
25Q263,FLUSHING INTERNATIONAL HIGH SCHOOL,6/23/2022 12:00:00 AM,88.16
25Q281,EAST WEST SCHOOL OF INTERNATIONAL STUDIES,6/23/2022 12:00:00 AM,95.13
25Q285,WORLD JOURNALISM PREPARATORY: A COLLEGE BOARD SCHO,6/23/2022 12:00:00 AM,89.17
25Q294,BELL ACADEMY,6/23/2022 12:00:00 AM,92.52
25Q379,COLLEGE POINT COLLABORATIVE,6/23/2022 12:00:00 AM,80.21
25Q409,DISTRICT 25 PRE K CENTER,6/23/2022 12:00:00 AM,72.81
25Q499,"THE QUEENS COLLEGE SCHOOL FOR MATH, SCIENCE AND TE",6/23/2022 12:00:00 AM,93.86
26Q018,P.S. 018 WINCHESTER,6/23/2022 12:00:00 AM,89.34
26Q026,P.S. 026 RUFUS KING,6/23/2022 12:00:00 AM,88.83
26Q031,P.S. 031 BAYSIDE,6/23/2022 12:00:00 AM,95.84
26Q041,P.S. 041 CROCHERON,6/23/2022 12:00:00 AM,94.76
26Q046,P.S. 046 ALLEY POND,6/23/2022 12:00:00 AM,92.72
26Q067,J.H.S. 067 LOUIS PASTEUR,6/23/2022 12:00:00 AM,91.65
26Q074,J.H.S. 074 NATHANIEL HAWTHORNE,6/23/2022 12:00:00 AM,93.87
26Q094,P.S. 094 DAVID D. PORTER,6/23/2022 12:00:00 AM,94.33
26Q098,P.S. 098 THE DOUGLASTON SCHOOL,6/23/2022 12:00:00 AM,96.98
26Q115,THE JAMES J. AMBROSE SCHOOL,6/23/2022 12:00:00 AM,90.53
26Q133,P.S. 133 QUEENS,6/23/2022 12:00:00 AM,91.68
26Q158,M.S. 158 MARIE CURIE,6/23/2022 12:00:00 AM,78.06
26Q159,P.S. 159,6/23/2022 12:00:00 AM,94.67
26Q162,P.S. 162 JOHN GOLDEN,6/23/2022 12:00:00 AM,90.84
26Q172,IRWIN ALTMAN MIDDLE SCHOOL 172,6/23/2022 12:00:00 AM,92.30
26Q173,P.S. 173 FRESH MEADOWS,6/23/2022 12:00:00 AM,94.48
26Q178,P.S.  IS 178 HOLLISWOOD,6/23/2022 12:00:00 AM,91.10
26Q186,P.S. 186 CASTLEWOOD,6/23/2022 12:00:00 AM,92.14
26Q188,P.S. 188 KINGSBURY,6/23/2022 12:00:00 AM,96.07
26Q191,P.S. 191 MAYFLOWER,6/23/2022 12:00:00 AM,89.86
26Q203,P.S. 203 OAKLAND GARDENS,6/23/2022 12:00:00 AM,93.68
26Q205,P.S. 205 ALEXANDER GRAHAM BELL,6/23/2022 12:00:00 AM,94.20
26Q213,P.S. 213 THE CARL ULLMAN SCHOOL,6/23/2022 12:00:00 AM,93.22
26Q216,J.H.S. 216 GEORGE J. RYAN,6/23/2022 12:00:00 AM,90.51
26Q221,P.S. 221 THE NORTH HILLS SCHOOL,6/23/2022 12:00:00 AM,93.55
26Q266,P.S. I.S. 266,6/23/2022 12:00:00 AM,85.98
26Q376,P.S. 376,6/23/2022 12:00:00 AM,90.36
26Q390,THE CIVIC SCHOOL OF BAYSIDE HILLS,6/23/2022 12:00:00 AM,88.15
27Q042,P.S. M.S 042 R. VERNAM,6/23/2022 12:00:00 AM,69.63
27Q043,P.S. 043,6/23/2022 12:00:00 AM,77.13
27Q045,P.S. 045 CLARENCE WITHERSPOON,6/23/2022 12:00:00 AM,80.00
27Q047,P.S. 047 CHRIS GALAS,6/23/2022 12:00:00 AM,81.81
27Q051,P.S. 051,6/23/2022 12:00:00 AM,87.30
27Q053,M.S. 053 BRIAN PICCOLO,6/23/2022 12:00:00 AM,87.44
27Q056,P.S. 056 HARRY EICHLER,6/23/2022 12:00:00 AM,85.38
27Q060,P.S. 060 WOODHAVEN,6/23/2022 12:00:00 AM,86.87
27Q062,P. S. 62   CHESTER PARK SCHOOL,6/23/2022 12:00:00 AM,87.26
27Q063,P.S. 063 OLD SOUTH,6/23/2022 12:00:00 AM,82.93
27Q064,P.S. 064 JOSEPH P. ADDABBO,6/23/2022 12:00:00 AM,86.31
27Q065,P.S. 65   THE RAYMOND YORK ELEMENTARY SCHOOL,6/23/2022 12:00:00 AM,78.88
27Q066,P.S. 066 JACQUELINE KENNEDY ONASSIS,6/23/2022 12:00:00 AM,88.38
27Q090,P.S. 090 HORACE MANN,6/23/2022 12:00:00 AM,86.03
27Q096,P.S. 096,6/23/2022 12:00:00 AM,79.06
27Q097,P.S. 097 FOREST PARK,6/23/2022 12:00:00 AM,83.64
27Q100,P.S. 100 GLEN MORRIS,6/23/2022 12:00:00 AM,84.97
27Q104,P.S. 104 THE BAYS WATER,6/23/2022 12:00:00 AM,82.98
27Q105,P.S. 105 THE BAY SCHOOL,6/23/2022 12:00:00 AM,67.10
27Q106,LIGHTHOUSE ELEMENTARY SCHOOL,6/23/2022 12:00:00 AM,71.14
27Q108,P.S. 108 CAPTAIN VINCENT G. FOWLER,6/23/2022 12:00:00 AM,86.22
27Q114,P.S. M.S. 114 BELLE HARBOR,6/23/2022 12:00:00 AM,90.84
27Q123,P.S. 123,6/23/2022 12:00:00 AM,85.68
27Q124,P.S. 124 OSMOND A CHURCH,6/23/2022 12:00:00 AM,80.75
27Q137,M.S. 137 AMERICA S SCHOOL OF HEROES,6/23/2022 12:00:00 AM,60.52
27Q146,P.S. 146 HOWARD BEACH,6/23/2022 12:00:00 AM,85.38
27Q155,P.S. 155,6/23/2022 12:00:00 AM,89.78
27Q183,P.S. 183 DR. RICHARD R. GREEN,6/23/2022 12:00:00 AM,69.09
27Q197,P.S. 197 THE OCEAN SCHOOL,6/23/2022 12:00:00 AM,81.25
27Q202,J.H.S. 202 ROBERT H. GODDARD,6/23/2022 12:00:00 AM,75.62
27Q207,P.S. 207 ROCKWOOD PARK,6/23/2022 12:00:00 AM,86.22
27Q210,J.H.S. 210 ELIZABETH BLACKWELL,6/23/2022 12:00:00 AM,65.58
27Q223,P.S. 223 LYNDON B. JOHNSON,6/23/2022 12:00:00 AM,66.59
27Q226,J.H.S. 226 VIRGIL I. GRISSOM,6/23/2022 12:00:00 AM,78.55
27Q232,P.S. 232 LINDENWOOD,6/23/2022 12:00:00 AM,83.68
27Q253,P.S. 253,6/23/2022 12:00:00 AM,87.27
27Q254,P.S. 254   THE ROSA PARKS SCHOOL,6/23/2022 12:00:00 AM,85.89
27Q262,CHANNEL VIEW SCHOOL FOR RESEARCH,6/23/2022 12:00:00 AM,78.75
27Q273,P.S. 273,6/23/2022 12:00:00 AM,80.87
27Q282,KNOWLEDGE AND POWER PREPARATORY ACADEMY VI,6/23/2022 12:00:00 AM,87.30
27Q297,HAWTREE CREEK MIDDLE SCHOOL,6/23/2022 12:00:00 AM,85.15
27Q306,NEW YORK CITY ACADEMY FOR DISCOVERY,6/23/2022 12:00:00 AM,86.78
27Q308,ROBERT H. GODDARD HIGH SCHOOL OF COMMUNICATION ART,6/23/2022 12:00:00 AM,63.68
27Q309,ACADEMY OF MEDICAL TECHNOLOGY: A COLLEGE BOARD SCH,6/23/2022 12:00:00 AM,50.76
27Q316,QUEENS EXPLORERS ELEMENTARY SCHOOL,6/23/2022 12:00:00 AM,86.49
27Q317,WATERSIDE CHILDREN S STUDIO SCHOOL,6/23/2022 12:00:00 AM,83.66
27Q318,WATERSIDE SCHOOL FOR LEADERSHIP,6/23/2022 12:00:00 AM,62.96
27Q319,VILLAGE ACADEMY,6/23/2022 12:00:00 AM,64.87
27Q323,SCHOLARS  ACADEMY,6/23/2022 12:00:00 AM,96.95
27Q333,GOLDIE MAPLE ACADEMY,6/23/2022 12:00:00 AM,74.92
27Q336,CURIOUS YOUNG LEARNERS PRE K CENTER,6/23/2022 12:00:00 AM,82.42
27Q362,WAVE PREPARATORY ELEMENTARY SCHOOL,6/23/2022 12:00:00 AM,86.04
27Q377,P.S. 377,6/23/2022 12:00:00 AM,87.25
28Q008,J.H.S. 008 RICHARD S. GROSSLEY,6/23/2022 12:00:00 AM,80.24
28Q040,P.S. 040 SAMUEL HUNTINGTON,6/23/2022 12:00:00 AM,81.08
28Q048,DAVID N. DINKINS SCHOOL,6/23/2022 12:00:00 AM,81.37
28Q050,P.S. 050 TALFOURD LAWN ELEMENTARY SCHOOL,6/23/2022 12:00:00 AM,84.68
28Q054,P.S. 054 HILLSIDE,6/23/2022 12:00:00 AM,83.67
28Q055,P.S. 055 MAURE,6/23/2022 12:00:00 AM,88.34
28Q072,CATHERINE   COUNT BASIE MIDDLE SCHOOL 72,6/23/2022 12:00:00 AM,85.76
28Q080,PS 80  THE THURGOOD MARSHALL MAGNET SCHOOL OF MULT,6/23/2022 12:00:00 AM,NS
28Q082,P.S. 082 HAMMOND,6/23/2022 12:00:00 AM,92.28
28Q086,P.S. Q086,6/23/2022 12:00:00 AM,91.22
28Q099,P.S. 099 KEW GARDENS,6/23/2022 12:00:00 AM,88.13
28Q101,P.S. 101 SCHOOL IN THE GARDENS,6/23/2022 12:00:00 AM,92.00
28Q117,P.S. 117 J. KELD   BRIARWOOD SCHOOL,6/23/2022 12:00:00 AM,81.30
28Q121,P.S. 121 QUEENS,6/23/2022 12:00:00 AM,84.92
28Q139,P.S. 139 REGO PARK,6/23/2022 12:00:00 AM,87.09
28Q140,P.S. 140 EDWARD K ELLINGTON,6/23/2022 12:00:00 AM,79.89
28Q144,P.S. 144 COL JEROMUS REMSEN,6/23/2022 12:00:00 AM,92.90
28Q157,J.H.S. 157 STEPHEN A. HALSEY,6/23/2022 12:00:00 AM,83.41
28Q160,P.S. 160 WALTER FRANCIS BISHOP,6/23/2022 12:00:00 AM,59.83
28Q161,P.S. 161 ARTHUR ASHE SCHOOL,6/23/2022 12:00:00 AM,76.54
28Q167,METROPOLITAN EXPEDITIONARY LEARNING SCHOOL,6/23/2022 12:00:00 AM,84.00
28Q174,P.S. 174 WILLIAM SIDNEY MOUNT,6/23/2022 12:00:00 AM,92.03
28Q175,P.S. 175 THE LYNN GROSS DISCOVERY SCHOOL,6/23/2022 12:00:00 AM,88.03
28Q182,P.S. 182 SAMANTHA SMITH,6/23/2022 12:00:00 AM,89.83
28Q190,J.H.S. 190 RUSSELL SAGE,6/23/2022 12:00:00 AM,74.47
28Q196,P.S. 196 GRAND CENTRAL PARKWAY,6/23/2022 12:00:00 AM,93.25
28Q206,P.S. 206 THE HORACE HARDING SCHOOL,6/23/2022 12:00:00 AM,84.78
28Q217,J.H.S. 217 ROBERT A. VAN WYCK,6/23/2022 12:00:00 AM,75.44
28Q220,P.S. 220 EDWARD MANDEL,6/23/2022 12:00:00 AM,85.71
28Q284,YORK EARLY COLLEGE ACADEMY,6/23/2022 12:00:00 AM,82.32
28Q287,THE EMERSON SCHOOL,6/23/2022 12:00:00 AM,62.60
28Q303,THE ACADEMY FOR EXCELLENCE THROUGH THE ARTS,6/23/2022 12:00:00 AM,94.06
28Q310,QUEENS COLLEGIATE: A COLLEGE BOARD SCHOOL,6/23/2022 12:00:00 AM,64.67
28Q312,JAMAICA CHILDREN S SCHOOL,6/23/2022 12:00:00 AM,73.66
28Q328,HIGH SCHOOL FOR COMMUNITY LEADERSHIP,6/23/2022 12:00:00 AM,100.00
28Q332,REDWOOD MIDDLE SCHOOL,6/23/2022 12:00:00 AM,63.80
28Q335,THE EZRA JACK KEATS PRE K CENTER,6/23/2022 12:00:00 AM,90.78
28Q338,QUEENS SATELLITE HIGH SCHOOL FOR OPPORTUNITY,6/23/2022 12:00:00 AM,41.80
28Q349,THE QUEENS SCHOOL FOR LEADERSHIP AND EXCELLENCE,6/23/2022 12:00:00 AM,85.06
28Q354,THE JERMAINE L. GREEN STEM INSTITUTE OF QUEENS,6/23/2022 12:00:00 AM,78.14
28Q358,M.S. 358,6/23/2022 12:00:00 AM,68.03
28Q680,QUEENS GATEWAY TO HEALTH SCIENCES SECONDARY SCHOOL,6/23/2022 12:00:00 AM,88.88
28Q896,"YOUNG WOMEN S LEADERSHIP SCHOOL, QUEENS",6/23/2022 12:00:00 AM,86.38
29Q015,P.S. 015 JACKIE ROBINSON,6/23/2022 12:00:00 AM,76.45
29Q033,P.S. 033 EDWARD M. FUNK,6/23/2022 12:00:00 AM,85.10
29Q034,P.S. 034 JOHN HARVARD,6/23/2022 12:00:00 AM,81.78
29Q035,P.S. 035 NATHANIEL WOODHULL,6/23/2022 12:00:00 AM,81.28
29Q036,P.S. 036 SAINT ALBANS SCHOOL,6/23/2022 12:00:00 AM,79.39
29Q037,CYNTHIA JENKINS SCHOOL,6/23/2022 12:00:00 AM,77.13
29Q038,P.S. 038 ROSEDALE,6/23/2022 12:00:00 AM,83.33
29Q052,P.S. 052 QUEENS,6/23/2022 12:00:00 AM,75.36
29Q059,I.S. 059 SPRINGFIELD GARDENS,6/23/2022 12:00:00 AM,NS
29Q095,P.S. 095 EASTWOOD,6/23/2022 12:00:00 AM,64.72
29Q109,JEAN NUZZI INTERMEDIATE SCHOOL,6/23/2022 12:00:00 AM,86.67
29Q116,P.S. I.S. 116 WILLIAM C. HUGHLEY,6/23/2022 12:00:00 AM,72.36
29Q118,P.S. 118 LORRAINE HANSBERRY,6/23/2022 12:00:00 AM,81.96
29Q131,P.S. 131 ABIGAIL ADAMS,6/23/2022 12:00:00 AM,87.61
29Q132,P.S. 132 RALPH BUNCHE,6/23/2022 12:00:00 AM,83.69
29Q134,P.S. 134 HOLLIS,6/23/2022 12:00:00 AM,80.12
29Q135,THE BELLAIRE SCHOOL,6/23/2022 12:00:00 AM,82.97
29Q136,P.S. 136 ROY WILKINS,6/23/2022 12:00:00 AM,76.19
29Q138,P.S. M.S. 138 SUNRISE,6/23/2022 12:00:00 AM,66.24
29Q147,P.S. M.S. 147 RONALD MCNAIR,6/23/2022 12:00:00 AM,82.51
29Q156,P.S. 156 LAURELTON,6/23/2022 12:00:00 AM,78.18
29Q176,P.S. 176 CAMBRIA HEIGHTS,6/23/2022 12:00:00 AM,85.83
29Q181,P.S. 181 BROOKFIELD,6/23/2022 12:00:00 AM,83.66
29Q192,I.S. 192 THE LINDEN,6/23/2022 12:00:00 AM,85.60
29Q195,P.S. 195 WILLIAM HABERLE,6/23/2022 12:00:00 AM,77.40
29Q208,P.S. I.S. 208,6/23/2022 12:00:00 AM,85.75
29Q238,I.S. 238   SUSAN B. ANTHONY ACADEMY,6/23/2022 12:00:00 AM,63.43
29Q251,P.S. 251 QUEENS,6/23/2022 12:00:00 AM,75.66
29Q259,PATHWAYS COLLEGE PREPARATORY SCHOOL: A COLLEGE BOA,6/23/2022 12:00:00 AM,88.72
29Q268,P.S. I.S. 268,6/23/2022 12:00:00 AM,85.05
29Q270,THE GORDON PARKS SCHOOL,6/23/2022 12:00:00 AM,70.13
29Q283,PREPARATORY ACADEMY FOR WRITERS: A COLLEGE BOARD S,6/23/2022 12:00:00 AM,NS
29Q289,QUEENS UNITED MIDDLE SCHOOL,6/23/2022 12:00:00 AM,88.06
29Q295,P.S. I.S. 295,6/23/2022 12:00:00 AM,86.22
29Q327,EAGLE ACADEMY FOR YOUNG MEN III,6/23/2022 12:00:00 AM,78.46
29Q355,COLLABORATIVE ARTS MIDDLE SCHOOL,6/23/2022 12:00:00 AM,69.04
29Q356,COMMUNITY VOICES MIDDLE SCHOOL,6/23/2022 12:00:00 AM,66.03
29Q360,P.S. 360,6/23/2022 12:00:00 AM,93.30
29Q381,DISTRICT 29 PRE K CENTER,6/23/2022 12:00:00 AM,66.95
30Q002,P.S. 002 ALFRED ZIMBERG,6/23/2022 12:00:00 AM,86.77
30Q010,I.S. 010 HORACE GREELEY,6/23/2022 12:00:00 AM,87.15
30Q011,P.S. 011 KATHRYN PHELAN,6/23/2022 12:00:00 AM,91.54
30Q017,P.S. 017 HENRY DAVID THOREAU,6/23/2022 12:00:00 AM,85.60
30Q069,P.S. 069 JACKSON HEIGHTS,6/23/2022 12:00:00 AM,88.75
30Q070,P.S. 070,6/23/2022 12:00:00 AM,89.19
30Q076,P.S. 076 WILLIAM HALLET,6/23/2022 12:00:00 AM,84.35
30Q078,P.S. I.S. 78Q,6/23/2022 12:00:00 AM,89.13
30Q084,P.S. 084 STEINWAY,6/23/2022 12:00:00 AM,84.34
30Q085,P.S. 085 JUDGE CHARLES VALLONE,6/23/2022 12:00:00 AM,87.58
30Q092,P.S. 092 HARRY T. STEWART SR.,6/23/2022 12:00:00 AM,91.91
30Q111,P.S. 111 JACOB BLACKWELL,6/23/2022 12:00:00 AM,72.12
30Q112,P.S. 112 DUTCH KILLS,6/23/2022 12:00:00 AM,85.63
30Q122,P.S. 122 MAMIE FAY,6/23/2022 12:00:00 AM,88.66
30Q126,ALBERT SHANKER SCHOOL FOR VISUAL AND PERFORMING AR,6/23/2022 12:00:00 AM,84.24
30Q127,P.S. 127 AEROSPACE SCIENCE MAGNET SCHOOL,6/23/2022 12:00:00 AM,82.40
30Q141,I.S. 141 THE STEINWAY,6/23/2022 12:00:00 AM,84.05
30Q145,I.S. 145 JOSEPH PULITZER,6/23/2022 12:00:00 AM,78.39
30Q148,P.S. 148 QUEENS,6/23/2022 12:00:00 AM,87.62
30Q149,P.S. 149 CHRISTA MCAULIFFE,6/23/2022 12:00:00 AM,89.40
30Q150,P.S. 150 QUEENS,6/23/2022 12:00:00 AM,90.52
30Q151,P.S. 151 MARY D. CARTER,6/23/2022 12:00:00 AM,75.58
30Q152,P.S. 152 GWENDOLINE N. ALLEYNE SCHOOL,6/23/2022 12:00:00 AM,87.88
30Q166,P.S. 166 HENRY GRADSTEIN,6/23/2022 12:00:00 AM,90.70
30Q171,P.S. 171 PETER G. VAN ALST,6/23/2022 12:00:00 AM,81.97
30Q204,I.S. 204 OLIVER W. HOLMES,6/23/2022 12:00:00 AM,63.03
30Q212,P.S. 212,6/23/2022 12:00:00 AM,92.47
30Q222,P.S. Q222   FIRE FIGHTER CHRISTOPHER A. SANTORA SC,6/23/2022 12:00:00 AM,87.92
30Q227,I.S. 227 LOUIS ARMSTRONG,6/23/2022 12:00:00 AM,85.73
30Q228,THE IVAN LAFAYETTE EARLY CHILDHOOD SCHOOL OF THE A,6/23/2022 12:00:00 AM,88.58
30Q230,I.S. 230,6/23/2022 12:00:00 AM,93.85
30Q234,P.S. 234,6/23/2022 12:00:00 AM,85.49
30Q235,ACADEMY FOR NEW AMERICANS,6/23/2022 12:00:00 AM,82.19
30Q280,PS280Q: HOME OF THE LIONHEARTS,6/23/2022 12:00:00 AM,91.58
30Q286,"YOUNG WOMEN S LEADERSHIP SCHOOL, ASTORIA",6/23/2022 12:00:00 AM,88.63
30Q291,HUNTERS POINT COMMUNITY MIDDLE SCHOOL,6/23/2022 12:00:00 AM,NS
30Q300,THE 30TH AVENUE SCHOOL  G T CITYWIDE,6/23/2022 12:00:00 AM,94.12
30Q329,EAST ELMHURST COMMUNITY SCHOOL,6/23/2022 12:00:00 AM,88.83
30Q361,THE WOODSIDE COMMUNITY SCHOOL,6/23/2022 12:00:00 AM,86.83
30Q384,HUNTERS POINT ELEMENTARY SCHOOL,6/23/2022 12:00:00 AM,91.94
30Q389,DISTRICT 30 PRE K CENTER,6/23/2022 12:00:00 AM,76.08
30Q398,THE HECTOR FIGUEROA SCHOOL,6/23/2022 12:00:00 AM,81.20
31R001,P.S. 001 TOTTENVILLE,6/23/2022 12:00:00 AM,94.36
31R002,I.S. R002 GEORGE L. EGBERT,6/23/2022 12:00:00 AM,53.31
31R003,P.S. 003 THE MARGARET GIOIOSA SCHOOL,6/23/2022 12:00:00 AM,92.95
31R004,P.S. 004 MAURICE WOLLIN,6/23/2022 12:00:00 AM,88.95
31R005,P.S. 005 HUGUENOT,6/23/2022 12:00:00 AM,94.37
31R006,P.S. 6 CORPORAL ALLAN F. KIVLEHAN SCHOOL,6/23/2022 12:00:00 AM,89.56
31R007,I.S. 007 ELIAS BERNSTEIN,6/23/2022 12:00:00 AM,73.26
31R008,P.S. 8 SHIRLEE SOLOMON,6/23/2022 12:00:00 AM,94.88
31R009,NAPLES STREET ELEMENTARY SCHOOL,6/23/2022 12:00:00 AM,91.25
31R010,FORT HILL COLLABORATIVE ELEMENTARY SCHOOL,6/23/2022 12:00:00 AM,73.26
31R011,P.S. 11 THOMAS DONGAN SCHOOL,6/23/2022 12:00:00 AM,84.52
31R013,P.S. 013 M. L. LINDEMEYER,6/23/2022 12:00:00 AM,87.21
31R016,P.S. 016 JOHN J. DRISCOLL,6/23/2022 12:00:00 AM,80.23
31R018,P.S. 018 JOHN G. WHITTIER,6/23/2022 12:00:00 AM,74.56
31R019,P.S. 019 THE CURTIS SCHOOL,6/23/2022 12:00:00 AM,81.48
31R020,P.S. 020 PORT RICHMOND,6/23/2022 12:00:00 AM,81.81
31R021,P.S. 21 MARGARET EMERY ELM PARK,6/23/2022 12:00:00 AM,85.48
31R022,P.S. 022 GRANITEVILLE,6/23/2022 12:00:00 AM,81.77
31R023,P.S. 023 RICHMONDTOWN,6/23/2022 12:00:00 AM,87.26
31R024,I.S. 024 MYRA S. BARNES,6/23/2022 12:00:00 AM,88.69
31R026,P.S. 026 THE CARTERET SCHOOL,6/23/2022 12:00:00 AM,88.02
31R027,I.S. 027 ANNING S. PRALL,6/23/2022 12:00:00 AM,62.18
31R028,THE EAGLE ACADEMY FOR YOUNG MEN OF STATEN ISLAND,6/23/2022 12:00:00 AM,57.57
31R029,P.S. 029 BARDWELL,6/23/2022 12:00:00 AM,86.59
31R030,P.S. 030 WESTERLEIGH,6/23/2022 12:00:00 AM,93.20
31R031,P.S. 031 WILLIAM T. DAVIS,6/23/2022 12:00:00 AM,73.52
31R032,P.S. 032 THE GIFFORD SCHOOL,6/23/2022 12:00:00 AM,88.53
31R034,I.S. 034 TOTTENVILLE,6/23/2022 12:00:00 AM,86.06
31R035,P.S. 35 THE CLOVE VALLEY SCHOOL,6/23/2022 12:00:00 AM,91.19
31R036,P.S. 036 J. C. DRUMGOOLE,6/23/2022 12:00:00 AM,89.87
31R038,P.S. 038 GEORGE CROMWELL,6/23/2022 12:00:00 AM,87.80
31R039,P.S. 39 FRANCIS J. MURPHY JR.,6/23/2022 12:00:00 AM,87.00
31R041,THE STEPHANIE A. VIERNO SCHOOL,6/23/2022 12:00:00 AM,88.18
31R042,P.S. 042 ELTINGVILLE,6/23/2022 12:00:00 AM,93.93
31R044,P.S. 044 THOMAS C. BROWN,6/23/2022 12:00:00 AM,76.49
31R045,P.S. 045 JOHN TYLER,6/23/2022 12:00:00 AM,82.48
31R046,P.S. 046 ALBERT V. MANISCALCO,6/23/2022 12:00:00 AM,77.94
31R048,P.S. 048 WILLIAM G. WILCOX,6/23/2022 12:00:00 AM,87.05
31R049,I.S. 49 BERTA A. DREYFUS,6/23/2022 12:00:00 AM,69.76
31R050,P.S. 050 FRANK HANKINSON,6/23/2022 12:00:00 AM,90.83
31R051,I.S. 051 EDWIN MARKHAM,6/23/2022 12:00:00 AM,77.43
31R052,P.S. 052 JOHN C. THOMPSON,6/23/2022 12:00:00 AM,89.50
31R053,THE BARBARA ESSELBORN SCHOOL,6/23/2022 12:00:00 AM,92.51
31R054,P.S. 054 CHARLES W. LENG,6/23/2022 12:00:00 AM,88.68
31R055,P.S. 055 HENRY M. BOEHM,6/23/2022 12:00:00 AM,91.23
31R056,P.S. 56 THE LOUIS DESARIO SCHOOL,6/23/2022 12:00:00 AM,92.03
31R057,P.S. 057 HUBERT H. HUMPHREY,6/23/2022 12:00:00 AM,71.31
31R058,SPACE SHUTTLE COLUMBIA SCHOOL,6/23/2022 12:00:00 AM,89.64
31R059,THE HARBOR VIEW SCHOOL,6/23/2022 12:00:00 AM,NS
31R060,P.S. 060 ALICE AUSTEN,6/23/2022 12:00:00 AM,87.85
31R061,I.S. 061 WILLIAM A MORRIS,6/23/2022 12:00:00 AM,45.62
31R062,THE KATHLEEN GRIMM SCHOOL FOR LEADERSHIP AND SUSTA,6/23/2022 12:00:00 AM,91.50
31R063,MARSH AVENUE SCHOOL FOR EXPEDITIONARY LEARNING,6/23/2022 12:00:00 AM,91.47
31R065,P.S. 65 THE ACADEMY OF INNOVATIVE LEARNING,6/23/2022 12:00:00 AM,90.21
31R066,THE RICHMOND PRE K CENTER,6/23/2022 12:00:00 AM,83.04
31R068,PORT RICHMOND SCHOOL FOR VISIONARY LEARNING,6/23/2022 12:00:00 AM,83.37
31R069,P.S. 069 DANIEL D. TOMPKINS,6/23/2022 12:00:00 AM,93.75
31R072,I.S. 072 ROCCO LAURIE,6/23/2022 12:00:00 AM,67.46
31R074,P.S. 74 FUTURE LEADERS ELEMENTARY SCHOOL,6/23/2022 12:00:00 AM,75.08
31R075,I.S. 075 FRANK D. PAULO,6/23/2022 12:00:00 AM,81.19
31R078,P.S. 78,6/23/2022 12:00:00 AM,73.80
31R080,THE MICHAEL J. PETRIDES SCHOOL,6/23/2022 12:00:00 AM,85.45
31R470,CONCORD HIGH SCHOOL,6/23/2022 12:00:00 AM,NS
31R861,STATEN ISLAND SCHOOL OF CIVIC LEADERSHIP,6/23/2022 12:00:00 AM,78.37
32K045,P.S. I.S. 045 HORACE E. GREENE,6/23/2022 12:00:00 AM,82.35
32K075,P.S. 075 MAYDA CORTIELLA,6/23/2022 12:00:00 AM,78.21
32K086,P.S. 086 THE IRVINGTON,6/23/2022 12:00:00 AM,89.70
32K106,P.S. 106 EDWARD EVERETT HALE,6/23/2022 12:00:00 AM,80.18
32K116,P.S. 116 ELIZABETH L FARRELL,6/23/2022 12:00:00 AM,83.19
32K123,P.S. 123 SUYDAM,6/23/2022 12:00:00 AM,85.71
32K145,P.S. 145 ANDREW JACKSON,6/23/2022 12:00:00 AM,87.50
32K151,P.S. 151 LYNDON B. JOHNSON,6/23/2022 12:00:00 AM,85.94
32K162,J.H.S. 162 THE WILLOUGHBY,6/23/2022 12:00:00 AM,96.77
32K274,P.S. 274 KOSCIUSKO,6/23/2022 12:00:00 AM,87.11
32K291,J.H.S. 291 ROLAND HAYES,6/23/2022 12:00:00 AM,74.07
32K299,P.S. 299 THOMAS WARREN FIELD,6/23/2022 12:00:00 AM,80.28
32K347,I.S. 347 SCHOOL OF HUMANITIES,6/23/2022 12:00:00 AM,86.71
32K349,"I.S. 349 MATH, SCIENCE   TECH.",6/23/2022 12:00:00 AM,86.40
32K376,P.S. 376,6/23/2022 12:00:00 AM,90.19
32K377,P.S. 377 ALEJANDRINA B. DE GAUTIER,6/23/2022 12:00:00 AM,74.35
32K383,J.H.S. 383 PHILIPPA SCHUYLER,6/23/2022 12:00:00 AM,75.58
32K384,P.S.  I.S. 384 FRANCES E. CARTER,6/23/2022 12:00:00 AM,82.76
32K554,ALL CITY LEADERSHIP SECONDARY SCHOOL,6/23/2022 12:00:00 AM,93.75
32K562,EVERGREEN MIDDLE SCHOOL FOR URBAN EXPLORATION,6/23/2022 12:00:00 AM,95.77
75K004,P.S. K004,6/23/2022 12:00:00 AM,74.44
75K036,P.S. 36,6/23/2022 12:00:00 AM,NS
75K053,P.S. K053,6/23/2022 12:00:00 AM,75.17
75K077,P.S. K077,6/23/2022 12:00:00 AM,78.12
75K140,P.S. K140,6/23/2022 12:00:00 AM,69.55
75K141,P.S. K141,6/23/2022 12:00:00 AM,73.19
75K231,P.S. K231,6/23/2022 12:00:00 AM,89.26
75K368,P.S. 368,6/23/2022 12:00:00 AM,71.36
75K369,P.S. K369   COY L. COX SCHOOL,6/23/2022 12:00:00 AM,72.08
75K370,P.S. 370,6/23/2022 12:00:00 AM,84.16
75K371,P.S. 371   LILLIAN L. RASHKIS,6/23/2022 12:00:00 AM,52.91
75K372,P.S. 372  THE CHILDREN S SCHOOL,6/23/2022 12:00:00 AM,91.25
75K373,P.S. 373   BROOKLYN TRANSITION CENTER,6/23/2022 12:00:00 AM,75.44
75K396,SID MILLER ACADEMY,6/23/2022 12:00:00 AM,74.27
75K721,P.S. K721   BROOKLYN OCCUPATIONAL TRAINING CENTER,6/23/2022 12:00:00 AM,82.44
75K753,P.S. K753   SCHOOL FOR CAREER DEVELOPMENT,6/23/2022 12:00:00 AM,59.87
75K771,P.S. K771,6/23/2022 12:00:00 AM,82.98
75K811,P.S. K811 CONNIE LEKAS SCHOOL,6/23/2022 12:00:00 AM,75.25
75M035,P.S. 035,6/23/2022 12:00:00 AM,90.90
75M079,P.S. M079   HORAN SCHOOL,6/23/2022 12:00:00 AM,66.91
75M094,P.S. M094,6/23/2022 12:00:00 AM,81.33
75M138,P.S. 138,6/23/2022 12:00:00 AM,70.83
75M169,P.S. M169   ROBERT F. KENNEDY,6/23/2022 12:00:00 AM,70.51
75M226,P.S. M226,6/23/2022 12:00:00 AM,79.13
75M721,P.S. M721   MANHATTAN OCCUPATIONAL TRAINING CENTER,6/23/2022 12:00:00 AM,75.13
75M751,MANHATTAN SCHOOL FOR CAREER DEVELOPMENT,6/23/2022 12:00:00 AM,80.89
75M811,P.S. M811   MICKEY MANTLE SCHOOL,6/23/2022 12:00:00 AM,78.53
75Q004,P.S. Q004,6/23/2022 12:00:00 AM,86.95
75Q009,P.S. 009,6/23/2022 12:00:00 AM,82.41
75Q023,P.S. Q023   QUEENS CHILDREN CENTER,6/23/2022 12:00:00 AM,76.92
75Q075,ROBERT E. PEARY SCHOOL,6/23/2022 12:00:00 AM,79.08
75Q177,P.S. Q177,6/23/2022 12:00:00 AM,87.16
75Q224,P.S. Q224,6/23/2022 12:00:00 AM,84.22
75Q233,P.S. Q233,6/23/2022 12:00:00 AM,82.86
75Q255,P.S. Q255,6/23/2022 12:00:00 AM,88.05
75Q256,P.S. Q256,6/23/2022 12:00:00 AM,65.25
75Q277,THE RIVERVIEW SCHOOL,6/23/2022 12:00:00 AM,79.70
75Q721,JOHN F. KENNEDY JR. SCHOOL,6/23/2022 12:00:00 AM,79.95
75Q752,QUEENS TRANSITION CENTER,6/23/2022 12:00:00 AM,70.34
75Q811,P.S. Q811,6/23/2022 12:00:00 AM,78.88
75Q993,P.S. Q993,6/23/2022 12:00:00 AM,75.34
75R025,SOUTH RICHMOND HIGH SCHOOL I.S. P.S. 25,6/23/2022 12:00:00 AM,57.84
75R037,THE DAVID MARQUIS SCHOOL OF THE ARTS,6/23/2022 12:00:00 AM,84.01
75R373,P.S. R373,6/23/2022 12:00:00 AM,80.22
75R721,THE RICHARD H. HUNGERFORD SCHOOL,6/23/2022 12:00:00 AM,82.53
75X010,P.S. X010,6/23/2022 12:00:00 AM,77.63
75X012,P.S. X012 LEWIS AND CLARK SCHOOL,6/23/2022 12:00:00 AM,72.34
75X017,P.S. X017,6/23/2022 12:00:00 AM,71.06
75X168,P.S. 168,6/23/2022 12:00:00 AM,76.49
75X176,P.S. X176,6/23/2022 12:00:00 AM,83.74
75X186,P186X WALTER J. DAMROSCH SCHOOL,6/23/2022 12:00:00 AM,67.02
75X188,P.S. X188,6/23/2022 12:00:00 AM,80.81
75X352,THE VIDA BOGART SCHOOL FOR ALL CHILDREN,6/23/2022 12:00:00 AM,77.55
75X469,P469X   THE BRONX SCHOOL FOR CONTINUOUS LEARNERS,6/23/2022 12:00:00 AM,72.44
75X596,P.S. X596,6/23/2022 12:00:00 AM,82.88
75X721,P.S. X721   STEPHEN MCSWEENEY SCHOOL,6/23/2022 12:00:00 AM,68.89
75X723,P.S. 723,6/23/2022 12:00:00 AM,68.99
75X754,J. M. RAPPORT SCHOOL CAREER DEVELOPMENT,6/23/2022 12:00:00 AM,44.32
75X811,P.S. X811,6/23/2022 12:00:00 AM,68.07
